Ensembl,Weight,Symbol
ENSG00000187608,-0.020845518,ENSG00000187608
ENSG00000162576,0.015209295,ENSG00000162576
ENSG00000189409,-0.006466821,ENSG00000189409
ENSG00000142611,0.0017247949,ENSG00000142611
ENSG00000130762,0.002774183,ENSG00000130762
ENSG00000162591,-0.047366846,ENSG00000162591
ENSG00000196581,-0.011374973,ENSG00000196581
ENSG00000215788,-0.07184396,ENSG00000215788
ENSG00000049247,0.052807674,ENSG00000049247
ENSG00000049249,-0.015582686,ENSG00000049249
ENSG00000142583,0.002170265,ENSG00000142583
ENSG00000178585,0.004700265,ENSG00000178585
ENSG00000130940,0.02704618,ENSG00000130940
ENSG00000162490,0.03996411,ENSG00000162490
ENSG00000177674,0.023150695,ENSG00000177674
ENSG00000175206,0.00024903315,ENSG00000175206
ENSG00000028137,-0.06320178,ENSG00000028137
ENSG00000162494,0.009799092,ENSG00000162494
ENSG00000142621,-0.00598881,ENSG00000142621
ENSG00000142634,0.015793912,ENSG00000142634
ENSG00000158747,0.0077856956,ENSG00000158747
ENSG00000188257,-0.0019113906,ENSG00000188257
ENSG00000117215,-0.00513587,ENSG00000117215
ENSG00000158816,0.0072009256,ENSG00000158816
ENSG00000162552,0.0005850842,ENSG00000162552
ENSG00000004487,-0.004475642,ENSG00000004487
ENSG00000125945,0.012974038,ENSG00000125945
ENSG00000204219,0.011649666,ENSG00000204219
ENSG00000117318,-0.035462737,ENSG00000117318
ENSG00000188822,-0.0392819,ENSG00000188822
ENSG00000001461,-0.012202003,ENSG00000001461
ENSG00000117602,0.063022316,ENSG00000117602
ENSG00000184454,-0.008738596,ENSG00000184454
ENSG00000117643,-0.010685782,ENSG00000117643
ENSG00000162430,-0.00758447,ENSG00000162430
ENSG00000117640,0.004157381,ENSG00000117640
ENSG00000188782,-0.0073052207,ENSG00000188782
ENSG00000158062,-0.019431097,ENSG00000158062
ENSG00000176083,0.10214435,ENSG00000176083
ENSG00000000938,-0.0136680575,ENSG00000000938
ENSG00000126709,0.021940328,ENSG00000126709
ENSG00000130775,0.033167493,ENSG00000130775
ENSG00000130772,-0.034987915,ENSG00000130772
ENSG00000134668,0.004550684,ENSG00000134668
ENSG00000175130,0.018422946,ENSG00000175130
ENSG00000162522,0.0006099994,ENSG00000162522
ENSG00000116497,0.004248921,ENSG00000116497
ENSG00000187513,0.0064650015,ENSG00000187513
ENSG00000116922,0.013289551,ENSG00000116922
ENSG00000116983,0.02799304,ENSG00000116983
ENSG00000179862,0.04285514,ENSG00000179862
ENSG00000127124,0.03843046,ENSG00000127124
ENSG00000177868,0.013511986,ENSG00000177868
ENSG00000243710,0.009011027,ENSG00000243710
ENSG00000179178,-0.004408518,ENSG00000179178
ENSG00000117400,0.008247094,ENSG00000117400
ENSG00000126088,0.008324182,ENSG00000126088
ENSG00000117472,-0.00037404808,ENSG00000117472
ENSG00000085998,0.0033154213,ENSG00000085998
ENSG00000134717,0.043738987,ENSG00000134717
ENSG00000157077,0.012886051,ENSG00000157077
ENSG00000157184,-0.0040244926,ENSG00000157184
ENSG00000157193,0.014204701,ENSG00000157193
ENSG00000215883,0.0049994397,ENSG00000215883
ENSG00000162398,0.01801958,ENSG00000162398
ENSG00000162407,0.0014660012,ENSG00000162407
ENSG00000021852,0.0033579804,ENSG00000021852
ENSG00000177606,0.018726135,ENSG00000177606
ENSG00000132849,0.01212779,ENSG00000132849
ENSG00000132854,0.0054859533,ENSG00000132854
ENSG00000185483,0.004177242,ENSG00000185483
ENSG00000162594,0.014190215,ENSG00000162594
ENSG00000081985,-0.03815516,ENSG00000081985
ENSG00000033122,-0.015441533,ENSG00000033122
ENSG00000178965,0.00059361727,ENSG00000178965
ENSG00000117069,-0.0027991373,ENSG00000117069
ENSG00000154027,0.020112135,ENSG00000154027
ENSG00000137959,0.0393389,ENSG00000137959
ENSG00000137965,0.023465374,ENSG00000137965
ENSG00000153898,0.034426153,ENSG00000153898
ENSG00000153904,0.0076768813,ENSG00000153904
ENSG00000171502,0.003815519,ENSG00000171502
ENSG00000016602,-0.006152578,ENSG00000016602
ENSG00000117228,0.00430678,ENSG00000117228
ENSG00000154451,-0.027200056,ENSG00000154451
ENSG00000069702,0.037581008,ENSG00000069702
ENSG00000189195,0.009992087,ENSG00000189195
ENSG00000122483,-0.005710512,ENSG00000122483
ENSG00000117600,0.005835376,ENSG00000117600
ENSG00000079335,0.07693581,ENSG00000079335
ENSG00000162692,0.019379536,ENSG00000162692
ENSG00000117543,0.020991119,ENSG00000117543
ENSG00000121940,0.013388594,ENSG00000121940
ENSG00000181754,0.016833065,ENSG00000181754
ENSG00000156097,0.010254544,ENSG00000156097
ENSG00000134202,0.03155445,ENSG00000134202
ENSG00000156150,0.0041840277,ENSG00000156150
ENSG00000143125,-0.009105579,ENSG00000143125
ENSG00000064886,0.079788074,ENSG00000064886
ENSG00000143110,0.05662988,ENSG00000143110
ENSG00000171385,-3.9745075e-05,ENSG00000171385
ENSG00000155366,0.009528234,ENSG00000155366
ENSG00000134198,0.07318035,ENSG00000134198
ENSG00000116824,0.0847298,ENSG00000116824
ENSG00000134256,0.017452639,ENSG00000134256
ENSG00000183508,0.027683845,ENSG00000183508
ENSG00000092621,-0.0012659377,ENSG00000092621
ENSG00000117281,0.04843721,ENSG00000117281
ENSG00000265972,0.030877383,ENSG00000265972
ENSG00000184678,0.030454956,ENSG00000184678
ENSG00000136631,-0.0010651589,ENSG00000136631
ENSG00000023902,-0.029730745,ENSG00000023902
ENSG00000163154,-0.055920973,ENSG00000163154
ENSG00000143375,-0.013941825,ENSG00000143375
ENSG00000159409,0.012334042,ENSG00000159409
ENSG00000143365,0.005138673,ENSG00000143365
ENSG00000159450,-0.0028801826,ENSG00000159450
ENSG00000163220,0.02096099,ENSG00000163220
ENSG00000143546,-0.048790228,ENSG00000143546
ENSG00000196154,-0.032008335,ENSG00000196154
ENSG00000189334,0.011685291,ENSG00000189334
ENSG00000169418,0.0030665619,ENSG00000169418
ENSG00000160712,-0.041620873,ENSG00000160712
ENSG00000163239,-0.0042572943,ENSG00000163239
ENSG00000143603,-0.009258654,ENSG00000143603
ENSG00000169242,-0.011483388,ENSG00000169242
ENSG00000143627,0.0015552468,ENSG00000143627
ENSG00000125459,0.0154410945,ENSG00000125459
ENSG00000132718,-0.0008725958,ENSG00000132718
ENSG00000160789,0.018292958,ENSG00000160789
ENSG00000163472,0.002307574,ENSG00000163472
ENSG00000132688,-0.0056188,ENSG00000132688
ENSG00000027869,0.015100021,ENSG00000027869
ENSG00000253831,-0.00745923,ENSG00000253831
ENSG00000160856,-0.14674026,FCRL3
ENSG00000158485,-0.00038574764,ENSG00000158485
ENSG00000163564,-0.09764927,ENSG00000163564
ENSG00000181036,0.1407613,ENSG00000181036
ENSG00000132681,0.009560001,ENSG00000132681
ENSG00000066294,0.035608724,ENSG00000066294
ENSG00000117090,0.005019682,ENSG00000117090
ENSG00000026751,-0.0076340437,ENSG00000026751
ENSG00000122223,0.012171419,ENSG00000122223
ENSG00000158764,0.0055108345,ENSG00000158764
ENSG00000158869,-0.023729663,ENSG00000158869
ENSG00000158874,-0.0037377789,ENSG00000158874
ENSG00000203747,-0.00010716678,ENSG00000203747
ENSG00000198574,0.004198216,ENSG00000198574
ENSG00000143162,0.015426129,ENSG00000143162
ENSG00000143185,0.02384582,ENSG00000143185
ENSG00000143184,0.0045335046,ENSG00000143184
ENSG00000000460,-0.0018533677,ENSG00000000460
ENSG00000188404,-0.054963384,ENSG00000188404
ENSG00000283683,0.0046055797,ENSG00000283683
ENSG00000117560,-0.030178016,ENSG00000117560
ENSG00000162753,0.013503764,ENSG00000162753
ENSG00000120332,-3.5883262e-05,ENSG00000120332
ENSG00000121454,-0.00323092,ENSG00000121454
ENSG00000162783,0.024078792,ENSG00000162783
ENSG00000135821,0.03822424,ENSG00000135821
ENSG00000157064,0.014476778,ENSG00000157064
ENSG00000116667,0.0334331,ENSG00000116667
ENSG00000121486,-0.023544678,ENSG00000121486
ENSG00000116679,-0.030435815,ENSG00000116679
ENSG00000090104,-0.028778061,ENSG00000090104
ENSG00000116741,-0.013299718,ENSG00000116741
ENSG00000118197,0.015581943,ENSG00000118197
ENSG00000163395,0.0075274305,ENSG00000163395
ENSG00000163431,0.003199966,ENSG00000163431
ENSG00000143851,0.0008831754,ENSG00000143851
ENSG00000077157,-0.0050550653,ENSG00000077157
ENSG00000133063,0.00864912,ENSG00000133063
ENSG00000058668,0.037216507,ENSG00000058668
ENSG00000170498,-0.14516129,ENSG00000170498
ENSG00000163545,-0.00945373,ENSG00000163545
ENSG00000263528,-0.05600681,ENSG00000263528
ENSG00000136634,-0.005289563,ENSG00000136634
ENSG00000162891,-0.0018735004,ENSG00000162891
ENSG00000196352,0.017167225,ENSG00000196352
ENSG00000203710,0.038762238,ENSG00000203710
ENSG00000174059,-0.002338691,ENSG00000174059
ENSG00000123689,-0.05064551,ENSG00000123689
ENSG00000143469,0.01680186,ENSG00000143469
ENSG00000143473,0.0062502054,ENSG00000143473
ENSG00000117650,0.011928002,ENSG00000117650
ENSG00000117724,-0.0028361601,ENSG00000117724
ENSG00000196187,-0.0011614875,ENSG00000196187
ENSG00000243709,0.012457851,ENSG00000243709
ENSG00000203685,-0.010568466,ENSG00000203685
ENSG00000154358,-0.021902824,ENSG00000154358
ENSG00000116574,0.018512318,ENSG00000116574
ENSG00000168118,-0.002347083,ENSG00000168118
ENSG00000177614,-0.006430683,ENSG00000177614
ENSG00000162946,-0.009944508,ENSG00000162946
ENSG00000143669,-0.0016474588,ENSG00000143669
ENSG00000196289,0.009178191,ENSG00000196289
ENSG00000197769,-0.004135835,ENSG00000197769
ENSG00000143702,0.0046650195,ENSG00000143702
ENSG00000179456,-0.027569126,ENSG00000179456
ENSG00000162852,0.033221424,ENSG00000162852
ENSG00000162714,-0.024371177,ENSG00000162714
ENSG00000169224,0.00080321915,ENSG00000169224
ENSG00000196772,-0.009518064,ENSG00000196772
ENSG00000035115,-0.09693681,ENSG00000035115
ENSG00000182551,-0.068747915,ENSG00000182551
ENSG00000134326,0.00675878,ENSG00000134326
ENSG00000115738,-0.021275705,ENSG00000115738
ENSG00000151693,-0.0017711564,ENSG00000151693
ENSG00000143882,0.008598926,ENSG00000143882
ENSG00000170745,0.004035592,ENSG00000170745
ENSG00000132031,0.0027598704,ENSG00000132031
ENSG00000143878,0.07945361,ENSG00000143878
ENSG00000218819,0.004150249,ENSG00000218819
ENSG00000219626,0.0014031117,ENSG00000219626
ENSG00000119772,-0.03467465,ENSG00000119772
ENSG00000115204,-0.011863708,ENSG00000115204
ENSG00000138002,-0.011778167,ENSG00000138002
ENSG00000221843,0.01143243,ENSG00000221843
ENSG00000075426,0.044191897,ENSG00000075426
ENSG00000277893,0.0044252495,ENSG00000277893
ENSG00000143889,-0.05022169,ENSG00000143889
ENSG00000152147,-0.019635998,ENSG00000152147
ENSG00000171126,-0.002270328,ENSG00000171126
ENSG00000116016,0.02868295,ENSG00000116016
ENSG00000119729,-0.00027017016,ENSG00000119729
ENSG00000171150,0.0008494626,ENSG00000171150
ENSG00000119888,0.0062769083,ENSG00000119888
ENSG00000138039,-0.0031384297,ENSG00000138039
ENSG00000170634,-0.012221337,ENSG00000170634
ENSG00000177994,0.010616181,ENSG00000177994
ENSG00000115355,0.0070059868,ENSG00000115355
ENSG00000055813,-0.014275366,ENSG00000055813
ENSG00000011523,0.018164428,ENSG00000011523
ENSG00000115956,-0.12023341,ENSG00000115956
ENSG00000204923,0.018729633,ENSG00000204923
ENSG00000169618,0.008532216,ENSG00000169618
ENSG00000196975,-0.0050125015,ENSG00000196975
ENSG00000035141,0.0072437203,ENSG00000035141
ENSG00000183733,-0.0048924093,ENSG00000183733
ENSG00000135631,0.017262597,ENSG00000135631
ENSG00000163017,-0.003938924,ENSG00000163017
ENSG00000186854,-0.03313383,ENSG00000186854
ENSG00000042493,0.009247547,ENSG00000042493
ENSG00000168899,0.025826236,ENSG00000168899
ENSG00000115523,0.1072877,ENSG00000115523
ENSG00000153563,-0.072188236,ENSG00000153563
ENSG00000153574,-0.016193494,ENSG00000153574
ENSG00000172005,0.011034992,ENSG00000172005
ENSG00000188886,0.0074876077,ENSG00000188886
ENSG00000158050,-0.060151722,ENSG00000158050
ENSG00000144218,0.022991613,ENSG00000144218
ENSG00000170485,0.027212674,ENSG00000170485
ENSG00000115604,-0.0172337,ENSG00000115604
ENSG00000115607,0.008993904,ENSG00000115607
ENSG00000115652,-0.032429874,ENSG00000115652
ENSG00000135960,-0.029886981,ENSG00000135960
ENSG00000175701,-0.0095848935,ENSG00000175701
ENSG00000153094,0.026021814,ENSG00000153094
ENSG00000188177,0.026040856,ENSG00000188177
ENSG00000125611,0.0066351616,ENSG00000125611
ENSG00000171227,-0.00674558,ENSG00000171227
ENSG00000144120,-0.011205327,ENSG00000144120
ENSG00000115109,0.0149836205,ENSG00000115109
ENSG00000144118,0.0028363403,ENSG00000144118
ENSG00000115112,0.007502631,ENSG00000115112
ENSG00000155438,-0.008381064,ENSG00000155438
ENSG00000173349,-0.0066123987,ENSG00000173349
ENSG00000115839,0.007101243,ENSG00000115839
ENSG00000121966,0.0050352216,ENSG00000121966
ENSG00000144229,0.00092283904,ENSG00000144229
ENSG00000169554,-0.034996435,ENSG00000169554
ENSG00000168280,0.015252679,ENSG00000168280
ENSG00000144278,-0.00069424516,ENSG00000144278
ENSG00000153234,-0.025941886,ENSG00000153234
ENSG00000115159,-0.01665534,ENSG00000115159
ENSG00000144290,0.0030934664,ENSG00000144290
ENSG00000197635,0.0036134338,ENSG00000197635
ENSG00000115267,-0.0124734575,ENSG00000115267
ENSG00000136531,0.0017234916,ENSG00000136531
ENSG00000115339,0.031054439,ENSG00000115339
ENSG00000169432,-0.011074541,ENSG00000169432
ENSG00000172292,-0.020841433,ENSG00000172292
ENSG00000073734,-0.0005685373,ENSG00000073734
ENSG00000081479,-0.0030905814,ENSG00000081479
ENSG00000071909,0.005158849,ENSG00000071909
ENSG00000204335,0.010735419,ENSG00000204335
ENSG00000091409,-0.06609152,ENSG00000091409
ENSG00000152256,-0.0031794847,ENSG00000152256
ENSG00000163328,0.012040491,ENSG00000163328
ENSG00000170166,0.0053754286,ENSG00000170166
ENSG00000079156,-0.007911709,ENSG00000079156
ENSG00000155657,0.04343504,ENSG00000155657
ENSG00000163492,0.022752486,ENSG00000163492
ENSG00000187231,-0.013361062,ENSG00000187231
ENSG00000115232,0.025870152,ENSG00000115232
ENSG00000150722,-0.002423573,ENSG00000150722
ENSG00000162998,-0.00014781467,ENSG00000162998
ENSG00000128694,0.0033776567,ENSG00000128694
ENSG00000189362,-0.019978592,ENSG00000189362
ENSG00000115415,0.01719628,ENSG00000115415
ENSG00000115896,-0.011256357,ENSG00000115896
ENSG00000003400,-0.007159942,ENSG00000003400
ENSG00000155754,0.023858314,ENSG00000155754
ENSG00000138439,0.010363293,ENSG00000138439
ENSG00000178562,0.02636653,ENSG00000178562
ENSG00000163599,0.00909998,ENSG00000163599
ENSG00000163600,-0.010561921,ENSG00000163600
ENSG00000114948,0.0013467595,ENSG00000114948
ENSG00000118263,0.031160206,ENSG00000118263
ENSG00000144406,-0.0015710125,ENSG00000144406
ENSG00000030419,-0.0999964,ENSG00000030419
ENSG00000144451,0.015887683,ENSG00000144451
ENSG00000174453,0.0006395113,ENSG00000174453
ENSG00000115457,-0.0041660084,ENSG00000115457
ENSG00000115461,0.0054569487,ENSG00000115461
ENSG00000158428,-0.0011014466,ENSG00000158428
ENSG00000175084,0.04372096,ENSG00000175084
ENSG00000114923,0.002349775,ENSG00000114923
ENSG00000144460,-0.0024870273,ENSG00000144460
ENSG00000135916,0.0030557027,ENSG00000135916
ENSG00000171596,0.075725555,ENSG00000171596
ENSG00000177673,0.0061024097,ENSG00000177673
ENSG00000163295,0.038597964,ENSG00000163295
ENSG00000237412,0.00667058,ENSG00000237412
ENSG00000241119,-0.004542652,ENSG00000241119
ENSG00000072080,0.010596891,ENSG00000072080
ENSG00000157985,-0.009437503,ENSG00000157985
ENSG00000178623,-0.006433614,ENSG00000178623
ENSG00000172478,-0.0059244186,ENSG00000172478
ENSG00000122085,-0.047291502,ENSG00000122085
ENSG00000188389,-0.06374824,ENSG00000188389
ENSG00000216921,0.008655895,ENSG00000216921
ENSG00000072756,0.030799948,ENSG00000072756
ENSG00000134107,0.003587288,ENSG00000134107
ENSG00000156983,0.011979464,ENSG00000156983
ENSG00000114026,-0.026077198,ENSG00000114026
ENSG00000214021,0.0046071284,ENSG00000214021
ENSG00000163520,-0.008031867,ENSG00000163520
ENSG00000131370,-0.003737795,ENSG00000131370
ENSG00000206561,-0.0021258744,ENSG00000206561
ENSG00000154813,0.029214755,ENSG00000154813
ENSG00000154814,0.011934865,ENSG00000154814
ENSG00000182568,0.039972235,ENSG00000182568
ENSG00000163508,0.007877315,ENSG00000163508
ENSG00000187118,0.067674235,ENSG00000187118
ENSG00000183813,-0.021300321,ENSG00000183813
ENSG00000144655,0.04684321,ENSG00000144655
ENSG00000168329,-0.119795345,ENSG00000168329
ENSG00000179934,-0.024207385,ENSG00000179934
ENSG00000172888,0.010245234,ENSG00000172888
ENSG00000168038,0.027068382,ENSG00000168038
ENSG00000114812,-0.03987898,ENSG00000114812
ENSG00000240747,-0.0035853332,ENSG00000240747
ENSG00000163810,-0.006657608,ENSG00000163810
ENSG00000173585,-0.06399502,ENSG00000173585
ENSG00000172215,-0.09781116,ENSG00000172215
ENSG00000173578,0.0061368654,ENSG00000173578
ENSG00000183625,-0.018600423,ENSG00000183625
ENSG00000121807,-0.04029175,ENSG00000121807
ENSG00000160791,-0.012898032,ENSG00000160791
ENSG00000012223,0.003195906,ENSG00000012223
ENSG00000163827,0.000609677,ENSG00000163827
ENSG00000181585,0.004929698,ENSG00000181585
ENSG00000160796,-0.02802928,ENSG00000160796
ENSG00000229453,0.0045898436,ENSG00000229453
ENSG00000164049,0.01022096,ENSG00000164049
ENSG00000114270,-0.0053583262,ENSG00000114270
ENSG00000236980,0.00016760806,ENSG00000236980
ENSG00000145020,0.04296598,ENSG00000145020
ENSG00000068028,-0.058352176,ENSG00000068028
ENSG00000126062,-0.014790573,ENSG00000126062
ENSG00000007402,0.044238895,ENSG00000007402
ENSG00000114735,0.014479628,ENSG00000114735
ENSG00000114737,-0.051845882,ENSG00000114737
ENSG00000164088,0.005545059,ENSG00000164088
ENSG00000168237,-0.0006976428,ENSG00000168237
ENSG00000157388,0.0042160335,ENSG00000157388
ENSG00000016391,-4.859825e-06,ENSG00000016391
ENSG00000056736,0.0023958741,ENSG00000056736
ENSG00000136068,-0.008700571,ENSG00000136068
ENSG00000144724,0.028712597,ENSG00000144724
ENSG00000144749,-0.00096926093,ENSG00000144749
ENSG00000163378,-0.023678243,ENSG00000163378
ENSG00000114861,0.048289396,ENSG00000114861
ENSG00000163421,0.18280123,S100A8
ENSG00000169855,-0.052577738,ENSG00000169855
ENSG00000175161,-0.024131091,ENSG00000175161
ENSG00000080822,0.021636866,ENSG00000080822
ENSG00000154165,0.044764612,ENSG00000154165
ENSG00000168386,-0.010877776,ENSG00000168386
ENSG00000154175,-0.004176559,ENSG00000154175
ENSG00000144802,0.053320915,ENSG00000144802
ENSG00000163519,-0.11916743,ENSG00000163519
ENSG00000177494,0.0013204546,ENSG00000177494
ENSG00000144824,-0.01923917,ENSG00000144824
ENSG00000174500,-0.013740039,ENSG00000174500
ENSG00000172139,0.0022278617,ENSG00000172139
ENSG00000091972,-0.005043991,ENSG00000091972
ENSG00000091986,0.008955636,ENSG00000091986
ENSG00000206531,0.0006271592,ENSG00000206531
ENSG00000174255,-0.027628457,ENSG00000174255
ENSG00000181847,-0.1326871,ENSG00000181847
ENSG00000172020,-0.0015253825,ENSG00000172020
ENSG00000144837,0.011807974,ENSG00000144837
ENSG00000121577,0.017958941,ENSG00000121577
ENSG00000145103,-0.0013658649,ENSG00000145103
ENSG00000114023,-0.0030959328,ENSG00000114023
ENSG00000138496,-0.0004937485,ENSG00000138496
ENSG00000121542,-0.01710374,ENSG00000121542
ENSG00000144908,-0.00226875,ENSG00000144908
ENSG00000179348,-0.0065066954,ENSG00000179348
ENSG00000184897,0.042106792,ENSG00000184897
ENSG00000163914,-0.007853916,ENSG00000163914
ENSG00000004399,-0.02056167,ENSG00000004399
ENSG00000240303,0.005780783,ENSG00000240303
ENSG00000154917,0.046789665,ENSG00000154917
ENSG00000158163,-0.008966639,ENSG00000158163
ENSG00000118017,0.005204959,ENSG00000118017
ENSG00000158220,-0.0028563207,ENSG00000158220
ENSG00000163864,0.0016803838,ENSG00000163864
ENSG00000158258,0.017002285,ENSG00000158258
ENSG00000175066,0.032852247,ENSG00000175066
ENSG00000175040,-0.04649278,ENSG00000175040
ENSG00000047457,0.011236151,ENSG00000047457
ENSG00000070087,-0.015372858,ENSG00000070087
ENSG00000174946,-0.020579403,ENSG00000174946
ENSG00000198829,0.0065180613,ENSG00000198829
ENSG00000196549,0.013500779,ENSG00000196549
ENSG00000240045,-0.01707985,ENSG00000240045
ENSG00000163659,0.049402017,ENSG00000163659
ENSG00000180044,0.016703414,ENSG00000180044
ENSG00000163590,-0.038245697,ENSG00000163590
ENSG00000182447,0.011698264,ENSG00000182447
ENSG00000114200,0.004100203,ENSG00000114200
ENSG00000085276,-0.0018665977,ENSG00000085276
ENSG00000013297,0.0002863277,ENSG00000013297
ENSG00000163577,-0.0022102422,ENSG00000163577
ENSG00000121853,-0.021079078,ENSG00000121853
ENSG00000114757,-0.0030271302,ENSG00000114757
ENSG00000172578,-0.038699735,ENSG00000172578
ENSG00000186090,0.013545381,ENSG00000186090
ENSG00000182580,-0.0045916815,ENSG00000182580
ENSG00000090530,0.005588612,ENSG00000090530
ENSG00000113946,0.0032818618,ENSG00000113946
ENSG00000188729,0.00056998926,ENSG00000188729
ENSG00000253548,0.00037840084,ENSG00000253548
ENSG00000127249,-0.015314403,ENSG00000127249
ENSG00000114315,-0.0041200896,ENSG00000114315
ENSG00000172061,-0.018914063,ENSG00000172061
ENSG00000145107,-0.028271439,ENSG00000145107
ENSG00000174004,0.0004995295,ENSG00000174004
ENSG00000161267,0.0005171253,ENSG00000161267
ENSG00000272602,-0.04337643,ENSG00000272602
ENSG00000133256,0.0042552953,ENSG00000133256
ENSG00000159674,0.007822971,ENSG00000159674
ENSG00000185818,-0.013818079,ENSG00000185818
ENSG00000159733,0.008019019,ENSG00000159733
ENSG00000206113,0.007252305,ENSG00000206113
ENSG00000109758,-0.00069659384,ENSG00000109758
ENSG00000132406,-0.0063988687,ENSG00000132406
ENSG00000168824,0.027238628,ENSG00000168824
ENSG00000170891,-0.015349342,ENSG00000170891
ENSG00000152953,-0.008628192,ENSG00000152953
ENSG00000170846,0.015507481,ENSG00000170846
ENSG00000109684,-0.018726064,ENSG00000109684
ENSG00000002587,0.008688614,ENSG00000002587
ENSG00000109705,0.001811748,ENSG00000109705
ENSG00000237765,0.016670553,ENSG00000237765
ENSG00000004468,0.031195609,ENSG00000004468
ENSG00000137441,-0.030127805,ENSG00000137441
ENSG00000249581,0.010650206,ENSG00000249581
ENSG00000109819,-0.0038967007,ENSG00000109819
ENSG00000109618,0.027312819,ENSG00000109618
ENSG00000169851,-0.0062473784,ENSG00000169851
ENSG00000197057,0.0070809415,ENSG00000197057
ENSG00000065882,-0.012861847,ENSG00000065882
ENSG00000197712,0.0007531803,ENSG00000197712
ENSG00000109814,-0.0010907415,ENSG00000109814
ENSG00000078177,-0.010426506,ENSG00000078177
ENSG00000064042,0.002688737,ENSG00000064042
ENSG00000177752,-0.005332133,ENSG00000177752
ENSG00000109158,-0.008684804,ENSG00000109158
ENSG00000198515,0.0047306726,ENSG00000198515
ENSG00000074966,0.07193795,ENSG00000074966
ENSG00000182223,0.0065786927,ENSG00000182223
ENSG00000134852,0.035708264,ENSG00000134852
ENSG00000171476,-0.05430522,ENSG00000171476
ENSG00000185873,0.0017522848,ENSG00000185873
ENSG00000173610,0.0022680368,ENSG00000173610
ENSG00000271271,-0.0030052788,ENSG00000271271
ENSG00000173597,-0.0048480886,ENSG00000173597
ENSG00000163736,0.012570824,ENSG00000163736
ENSG00000169116,0.010693569,ENSG00000169116
ENSG00000174796,0.009740245,ENSG00000174796
ENSG00000156219,0.028066296,ENSG00000156219
ENSG00000138758,-0.010670885,ENSG00000138758
ENSG00000156234,0.010937524,ENSG00000156234
ENSG00000138759,0.013072183,ENSG00000138759
ENSG00000138772,-0.0017508725,ENSG00000138772
ENSG00000152784,-0.0055738618,ENSG00000152784
ENSG00000152785,-0.0076237656,ENSG00000152785
ENSG00000145283,0.0011443578,ENSG00000145283
ENSG00000170502,-0.028652128,ENSG00000170502
ENSG00000118762,-0.018241443,ENSG00000118762
ENSG00000163106,0.011012225,ENSG00000163106
ENSG00000138696,0.005144678,ENSG00000138696
ENSG00000164039,0.017126696,ENSG00000164039
ENSG00000138780,-0.005516154,ENSG00000138780
ENSG00000138795,0.02369904,ENSG00000138795
ENSG00000138658,0.0078099864,ENSG00000138658
ENSG00000145349,0.028090589,ENSG00000145349
ENSG00000164099,-0.002396681,ENSG00000164099
ENSG00000145390,-0.042449776,ENSG00000145390
ENSG00000050730,0.010093152,ENSG00000050730
ENSG00000186867,0.015397334,ENSG00000186867
ENSG00000138684,-0.004854272,ENSG00000138684
ENSG00000164070,0.017677674,ENSG00000164070
ENSG00000151012,0.020075517,ENSG00000151012
ENSG00000196782,0.022758098,ENSG00000196782
ENSG00000153132,-0.0008085457,ENSG00000153132
ENSG00000151623,-0.027638085,ENSG00000151623
ENSG00000145428,-0.012321073,ENSG00000145428
ENSG00000171564,0.00968489,ENSG00000171564
ENSG00000171509,0.018091435,ENSG00000171509
ENSG00000109756,-0.022523414,ENSG00000109756
ENSG00000151005,0.00015090825,ENSG00000151005
ENSG00000129116,-0.02995082,ENSG00000129116
ENSG00000164120,-0.036785048,ENSG00000164120
ENSG00000168594,-0.0075711813,ENSG00000168594
ENSG00000218336,0.006570347,ENSG00000218336
ENSG00000173320,-0.0027278508,ENSG00000173320
ENSG00000164305,0.015390891,ENSG00000164305
ENSG00000083857,-0.0061475057,ENSG00000083857
ENSG00000205097,0.020149533,ENSG00000205097
ENSG00000112877,-0.00010605435,ENSG00000112877
ENSG00000113504,0.12979172,ENSG00000113504
ENSG00000153395,-0.04214506,ENSG00000153395
ENSG00000170561,0.0071899053,ENSG00000170561
ENSG00000215218,0.012465695,ENSG00000215218
ENSG00000078295,0.0071466803,ENSG00000078295
ENSG00000038382,0.007355551,ENSG00000038382
ENSG00000154153,-0.009322142,ENSG00000154153
ENSG00000151388,-0.0070970976,ENSG00000151388
ENSG00000152582,0.004120849,ENSG00000152582
ENSG00000168685,-0.0089859115,ENSG00000168685
ENSG00000171522,-0.05032072,ENSG00000171522
ENSG00000112936,-0.015470531,ENSG00000112936
ENSG00000177721,-0.019836705,ENSG00000177721
ENSG00000151881,-0.0028346863,ENSG00000151881
ENSG00000113088,0.12427659,ENSG00000113088
ENSG00000145649,-0.023261482,ENSG00000145649
ENSG00000164287,-0.00010314651,ENSG00000164287
ENSG00000164294,0.008921737,ENSG00000164294
ENSG00000225940,0.00023921004,ENSG00000225940
ENSG00000095015,0.03301519,ENSG00000095015
ENSG00000113448,0.012113554,ENSG00000113448
ENSG00000086189,-0.012136205,ENSG00000086189
ENSG00000086200,-0.012208063,ENSG00000086200
ENSG00000164197,-0.0024285729,ENSG00000164197
ENSG00000197860,0.035271384,ENSG00000197860
ENSG00000069020,-0.0057747946,ENSG00000069020
ENSG00000178175,0.008300316,ENSG00000178175
ENSG00000164325,-0.003875893,ENSG00000164325
ENSG00000171617,0.03295884,ENSG00000171617
ENSG00000145700,0.0063020103,ENSG00000145700
ENSG00000171540,0.0015058097,ENSG00000171540
ENSG00000177034,0.004797409,ENSG00000177034
ENSG00000164300,-0.06264087,ENSG00000164300
ENSG00000113319,-0.032379117,ENSG00000113319
ENSG00000145687,-0.0040155603,ENSG00000145687
ENSG00000153140,-0.0042259255,ENSG00000153140
ENSG00000133302,-0.0032144224,ENSG00000133302
ENSG00000175426,0.008511279,ENSG00000175426
ENSG00000174136,-0.0035281486,ENSG00000174136
ENSG00000173930,-0.010124164,ENSG00000173930
ENSG00000151422,-0.010851634,ENSG00000151422
ENSG00000152495,0.05017333,ENSG00000152495
ENSG00000129595,0.11693044,ENSG00000129595
ENSG00000172901,-0.00421475,ENSG00000172901
ENSG00000184838,0.011163678,ENSG00000184838
ENSG00000158987,-0.0013025587,ENSG00000158987
ENSG00000125347,0.009813856,ENSG00000125347
ENSG00000081059,-0.032697707,ENSG00000081059
ENSG00000120708,-0.0007701975,ENSG00000120708
ENSG00000152377,-0.0028243812,ENSG00000152377
ENSG00000094880,-0.010547555,ENSG00000094880
ENSG00000120738,-0.16033047,EGR1
ENSG00000171604,-0.0017303802,ENSG00000171604
ENSG00000182700,0.017678438,ENSG00000182700
ENSG00000213523,0.042959064,ENSG00000213523
ENSG00000204969,0.012880351,ENSG00000204969
ENSG00000112852,-0.0065520974,ENSG00000112852
ENSG00000081853,-0.003575735,ENSG00000081853
ENSG00000156453,-0.11043814,ENSG00000156453
ENSG00000113555,-0.010400309,ENSG00000113555
ENSG00000131507,0.008249517,ENSG00000131507
ENSG00000187678,0.0038168,ENSG00000187678
ENSG00000156463,0.048414588,ENSG00000156463
ENSG00000156475,0.007847214,ENSG00000156475
ENSG00000176049,0.020549484,ENSG00000176049
ENSG00000214510,-0.005513343,ENSG00000214510
ENSG00000204909,-0.0095174685,ENSG00000204909
ENSG00000169252,0.017527614,ENSG00000169252
ENSG00000169247,-0.003419783,ENSG00000169247
ENSG00000173210,-0.0052041835,ENSG00000173210
ENSG00000157510,-0.012561582,ENSG00000157510
ENSG00000145882,-0.017027648,ENSG00000145882
ENSG00000113721,0.036926236,ENSG00000113721
ENSG00000183876,-0.00039980022,ENSG00000183876
ENSG00000019582,0.072890736,ENSG00000019582
ENSG00000171992,0.013696174,ENSG00000171992
ENSG00000123643,0.015561304,ENSG00000123643
ENSG00000145850,-0.0024914285,ENSG00000145850
ENSG00000135077,-0.0018106516,ENSG00000135077
ENSG00000135074,-0.021893542,ENSG00000135074
ENSG00000113272,0.000907333,ENSG00000113272
ENSG00000155858,-0.0147864465,ENSG00000155858
ENSG00000145861,0.0010610692,ENSG00000145861
ENSG00000184347,0.011566119,ENSG00000184347
ENSG00000168246,-0.013077134,ENSG00000168246
ENSG00000214357,-0.009497347,ENSG00000214357
ENSG00000120129,0.047040444,ENSG00000120129
ENSG00000170091,-0.008902273,ENSG00000170091
ENSG00000113749,0.015399833,ENSG00000113749
ENSG00000048162,-0.0024799157,ENSG00000048162
ENSG00000074317,0.0026699535,ENSG00000074317
ENSG00000113758,-0.057283267,ENSG00000113758
ENSG00000175325,-0.0015933563,ENSG00000175325
ENSG00000145911,-0.018146358,ENSG00000145911
ENSG00000145912,-0.010250707,ENSG00000145912
ENSG00000178187,-0.0015190273,ENSG00000178187
ENSG00000146090,-0.0011001414,ENSG00000146090
ENSG00000037280,-0.049242523,ENSG00000037280
ENSG00000137265,-0.001201612,ENSG00000137265
ENSG00000054598,-0.0011627725,ENSG00000054598
ENSG00000124570,0.05423896,ENSG00000124570
ENSG00000124588,-0.04688474,ENSG00000124588
ENSG00000137267,0.020410258,ENSG00000137267
ENSG00000145945,0.006510284,ENSG00000145945
ENSG00000124785,-0.00024687508,ENSG00000124785
ENSG00000111837,-0.006602553,ENSG00000111837
ENSG00000111863,-0.03963561,ENSG00000111863
ENSG00000145990,0.002278093,ENSG00000145990
ENSG00000124788,0.033360478,ENSG00000124788
ENSG00000112183,0.016403269,ENSG00000112183
ENSG00000165097,-0.004886393,ENSG00000165097
ENSG00000112242,0.015840327,ENSG00000112242
ENSG00000124766,0.008295661,ENSG00000124766
ENSG00000172179,0.021390013,ENSG00000172179
ENSG00000112294,-0.010085446,ENSG00000112294
ENSG00000260286,0.049316745,ENSG00000260286
ENSG00000187837,0.12893964,ENSG00000187837
ENSG00000273802,0.03943469,ENSG00000273802
ENSG00000124575,0.08300085,ENSG00000124575
ENSG00000196787,0.05196834,ENSG00000196787
ENSG00000184357,0.027456608,ENSG00000184357
ENSG00000168131,0.008357312,ENSG00000168131
ENSG00000197062,-0.009493257,ENSG00000197062
ENSG00000232040,-0.009413732,ENSG00000232040
ENSG00000204701,-0.001231556,ENSG00000204701
ENSG00000204695,0.0026293327,ENSG00000204695
ENSG00000204681,-0.0102676265,ENSG00000204681
ENSG00000204544,0.00095321826,ENSG00000204544
ENSG00000261272,0.00087370205,ENSG00000261272
ENSG00000204540,0.0040018093,ENSG00000204540
ENSG00000137310,-0.01477576,ENSG00000137310
ENSG00000232810,-0.028268887,ENSG00000232810
ENSG00000227507,0.04351297,ENSG00000227507
ENSG00000204475,-0.008834486,ENSG00000204475
ENSG00000204472,0.042346794,ENSG00000204472
ENSG00000204438,-0.00012553,ENSG00000204438
ENSG00000255552,-0.0036369632,ENSG00000255552
ENSG00000244355,0.0046496466,ENSG00000244355
ENSG00000204421,0.0069108414,ENSG00000204421
ENSG00000243649,0.00921269,ENSG00000243649
ENSG00000204305,-0.021091115,ENSG00000204305
ENSG00000197283,-0.008579887,ENSG00000197283
ENSG00000112033,-0.02689816,ENSG00000112033
ENSG00000096060,0.028511785,ENSG00000096060
ENSG00000157343,0.06400504,ENSG00000157343
ENSG00000204140,-0.007818881,ENSG00000204140
ENSG00000137392,-0.0018457682,ENSG00000137392
ENSG00000112053,0.007944841,ENSG00000112053
ENSG00000164530,-0.01902135,ENSG00000164530
ENSG00000137193,-0.023382768,ENSG00000137193
ENSG00000198937,-0.019591624,ENSG00000198937
ENSG00000124780,-0.0065454417,ENSG00000124780
ENSG00000095981,0.003586801,ENSG00000095981
ENSG00000137413,0.0008984108,ENSG00000137413
ENSG00000188112,0.005153868,ENSG00000188112
ENSG00000170734,-0.018401165,ENSG00000170734
ENSG00000262179,-0.0014215958,ENSG00000262179
ENSG00000124813,0.016569389,ENSG00000124813
ENSG00000172348,0.06575075,ENSG00000172348
ENSG00000146072,0.011251354,ENSG00000146072
ENSG00000197261,-0.0061866846,ENSG00000197261
ENSG00000008197,0.021198753,ENSG00000008197
ENSG00000170915,-0.03572833,ENSG00000170915
ENSG00000243955,0.0056294193,ENSG00000243955
ENSG00000137270,-0.0077577536,ENSG00000137270
ENSG00000001084,0.009535712,ENSG00000001084
ENSG00000112208,-0.0060407063,ENSG00000112208
ENSG00000203908,-0.01142328,ENSG00000203908
ENSG00000196586,-0.034254793,ENSG00000196586
ENSG00000198478,-0.025859227,ENSG00000198478
ENSG00000135318,-0.010979066,ENSG00000135318
ENSG00000164411,-0.0062217982,ENSG00000164411
ENSG00000118432,-0.0016734382,ENSG00000118432
ENSG00000112182,0.016088143,ENSG00000112182
ENSG00000172469,0.010041961,ENSG00000172469
ENSG00000164418,0.007865308,ENSG00000164418
ENSG00000057657,-0.03254548,ENSG00000057657
ENSG00000146285,-0.0102321645,ENSG00000146285
ENSG00000080546,0.022935426,ENSG00000080546
ENSG00000112394,-0.00320034,ENSG00000112394
ENSG00000123500,0.025467802,ENSG00000123500
ENSG00000111879,-0.011755415,ENSG00000111879
ENSG00000111906,-0.013219428,ENSG00000111906
ENSG00000172673,0.07595831,ENSG00000172673
ENSG00000152894,0.008072708,ENSG00000152894
ENSG00000118507,0.00011309588,ENSG00000118507
ENSG00000079931,0.004638438,ENSG00000079931
ENSG00000146385,0.008264327,ENSG00000146385
ENSG00000118515,-0.027899014,ENSG00000118515
ENSG00000118513,0.026692301,ENSG00000118513
ENSG00000118503,0.13781686,ENSG00000118503
ENSG00000146386,-0.01466288,ENSG00000146386
ENSG00000164442,0.004521096,ENSG00000164442
ENSG00000112419,-0.0035698318,ENSG00000112419
ENSG00000178199,-0.013194914,ENSG00000178199
ENSG00000120253,-0.036146,ENSG00000120253
ENSG00000111981,-0.00851889,ENSG00000111981
ENSG00000181472,-0.0037995928,ENSG00000181472
ENSG00000131018,0.03937967,ENSG00000131018
ENSG00000164674,0.019695735,ENSG00000164674
ENSG00000164691,-0.016312715,ENSG00000164691
ENSG00000122194,-0.010538569,ENSG00000122194
ENSG00000026652,0.01385606,ENSG00000026652
ENSG00000112486,-0.0145851085,ENSG00000112486
ENSG00000125337,-0.024252895,ENSG00000125337
ENSG00000188191,0.0036686053,ENSG00000188191
ENSG00000164828,0.004165225,ENSG00000164828
ENSG00000146540,0.039228562,ENSG00000146540
ENSG00000157778,-0.0076072775,ENSG00000157778
ENSG00000106268,-0.02000205,ENSG00000106268
ENSG00000146555,-0.0024701508,ENSG00000146555
ENSG00000218823,0.015653443,ENSG00000218823
ENSG00000106305,-0.0017672154,ENSG00000106305
ENSG00000157999,-0.00032583313,ENSG00000157999
ENSG00000006468,-0.015015049,ENSG00000006468
ENSG00000136267,-0.0027506268,ENSG00000136267
ENSG00000171243,-0.003587312,ENSG00000171243
ENSG00000205858,-0.01411789,ENSG00000205858
ENSG00000136261,-0.00666035,ENSG00000136261
ENSG00000106546,-0.008376186,ENSG00000106546
ENSG00000048052,0.0076162745,ENSG00000048052
ENSG00000164649,0.008690782,ENSG00000164649
ENSG00000122591,0.0031464994,ENSG00000122591
ENSG00000156928,0.020884443,ENSG00000156928
ENSG00000122585,0.014479155,ENSG00000122585
ENSG00000122592,-0.0043158326,ENSG00000122592
ENSG00000005073,-0.0053631035,ENSG00000005073
ENSG00000153814,0.01176157,ENSG00000153814
ENSG00000136193,0.03445509,ENSG00000136193
ENSG00000187258,0.004366029,ENSG00000187258
ENSG00000136250,-0.10078881,ENSG00000136250
ENSG00000187037,-0.06045795,ENSG00000187037
ENSG00000106483,0.01000567,ENSG00000106483
ENSG00000227191,0.0042171213,ENSG00000227191
ENSG00000211688,-0.0026691037,ENSG00000211688
ENSG00000211689,-0.0288214,ENSG00000211689
ENSG00000211692,0.044555172,ENSG00000211692
ENSG00000078053,-0.005812692,ENSG00000078053
ENSG00000241127,-0.01705067,ENSG00000241127
ENSG00000106571,0.032229856,ENSG00000106571
ENSG00000136197,0.0004858958,ENSG00000136197
ENSG00000002746,0.021967473,ENSG00000002746
ENSG00000106624,2.9580475e-05,ENSG00000106624
ENSG00000106631,-0.005951074,ENSG00000106631
ENSG00000136286,-0.016678486,ENSG00000136286
ENSG00000146674,0.027624505,ENSG00000146674
ENSG00000218305,0.0056568403,ENSG00000218305
ENSG00000154997,0.00017101319,ENSG00000154997
ENSG00000169902,-0.0024221907,ENSG00000169902
ENSG00000158321,-0.032774977,ENSG00000158321
ENSG00000106178,0.005127409,ENSG00000106178
ENSG00000106211,-0.0071859225,ENSG00000106211
ENSG00000127951,0.109400325,ENSG00000127951
ENSG00000127947,0.00030517194,ENSG00000127947
ENSG00000164659,0.024257876,ENSG00000164659
ENSG00000105810,-0.005686634,ENSG00000105810
ENSG00000177409,0.007327326,ENSG00000177409
ENSG00000188175,0.009277621,ENSG00000188175
ENSG00000164692,-0.006567615,ENSG00000164692
ENSG00000158560,-0.0020772167,ENSG00000158560
ENSG00000106236,0.0061974777,ENSG00000106236
ENSG00000166448,-0.00018075536,ENSG00000166448
ENSG00000197093,-0.008236381,ENSG00000197093
ENSG00000213420,-0.0062690033,ENSG00000213420
ENSG00000130427,0.008915783,ENSG00000130427
ENSG00000169876,-0.0055830693,ENSG00000169876
ENSG00000170615,-0.06310186,ENSG00000170615
ENSG00000091129,0.007378502,ENSG00000091129
ENSG00000184903,-0.015689034,ENSG00000184903
ENSG00000173114,0.018402558,ENSG00000173114
ENSG00000164604,-0.0020896895,ENSG00000164604
ENSG00000105974,-0.00705545,ENSG00000105974
ENSG00000002745,-0.0033623488,ENSG00000002745
ENSG00000106302,0.0020674756,ENSG00000106302
ENSG00000275356,-0.008318918,ENSG00000275356
ENSG00000128596,-0.011849535,ENSG00000128596
ENSG00000158467,-0.010413553,ENSG00000158467
ENSG00000165120,-0.0062324433,ENSG00000165120
ENSG00000158516,-0.0017532278,ENSG00000158516
ENSG00000158525,0.020038722,ENSG00000158525
ENSG00000091704,0.0023004652,ENSG00000091704
ENSG00000106484,0.010648285,ENSG00000106484
ENSG00000158623,0.006443848,ENSG00000158623
ENSG00000221866,0.0001810208,ENSG00000221866
ENSG00000085662,0.009236817,ENSG00000085662
ENSG00000172331,0.004966547,ENSG00000172331
ENSG00000146859,-0.049619455,ENSG00000146859
ENSG00000105929,0.004054733,ENSG00000105929
ENSG00000204983,0.007865644,ENSG00000204983
ENSG00000211751,-0.09724551,ENSG00000211751
ENSG00000211772,-0.068397775,ENSG00000211772
ENSG00000106123,-0.0066747596,ENSG00000106123
ENSG00000165125,-0.0025472962,ENSG00000165125
ENSG00000146904,-0.021979142,ENSG00000146904
ENSG00000213215,0.0250201,ENSG00000213215
ENSG00000106479,0.0218564,ENSG00000106479
ENSG00000171130,-0.039171465,ENSG00000171130
ENSG00000171115,-0.033708498,ENSG00000171115
ENSG00000002726,-0.005469611,ENSG00000002726
ENSG00000104728,0.14366639,ENSG00000104728
ENSG00000036448,0.013574837,ENSG00000036448
ENSG00000239839,0.007828547,ENSG00000239839
ENSG00000275342,0.005414588,ENSG00000275342
ENSG00000175806,-0.01796942,ENSG00000175806
ENSG00000183638,0.023815067,ENSG00000183638
ENSG00000136573,0.014698388,ENSG00000136573
ENSG00000154359,-0.0076872613,ENSG00000154359
ENSG00000250305,-0.0027273276,ENSG00000250305
ENSG00000078579,0.012520104,ENSG00000078579
ENSG00000156011,0.024801457,ENSG00000156011
ENSG00000104611,0.0028413932,ENSG00000104611
ENSG00000147408,0.004017194,ENSG00000147408
ENSG00000147443,0.005375966,ENSG00000147443
ENSG00000168481,0.0012308451,ENSG00000168481
ENSG00000168490,0.1092772,ENSG00000168490
ENSG00000179388,-0.045602534,ENSG00000179388
ENSG00000134020,0.008454119,ENSG00000134020
ENSG00000120889,0.0122269355,ENSG00000120889
ENSG00000104689,0.028228786,ENSG00000104689
ENSG00000147457,-0.027406828,ENSG00000147457
ENSG00000134028,-0.0017860535,ENSG00000134028
ENSG00000147459,0.063059,ENSG00000147459
ENSG00000120903,-0.0040512574,ENSG00000120903
ENSG00000120915,0.0019075313,ENSG00000120915
ENSG00000104660,-0.029334182,ENSG00000104660
ENSG00000147471,-0.019622467,ENSG00000147471
ENSG00000147535,-0.019132055,ENSG00000147535
ENSG00000077782,0.0050510042,ENSG00000077782
ENSG00000165066,-0.001471396,ENSG00000165066
ENSG00000029534,0.057797827,ENSG00000029534
ENSG00000176209,0.00075568084,ENSG00000176209
ENSG00000147434,-0.0033800239,ENSG00000147434
ENSG00000221869,-0.0462198,ENSG00000221869
ENSG00000082556,-0.0072052362,ENSG00000082556
ENSG00000167904,-0.01767429,ENSG00000167904
ENSG00000181690,0.022836346,ENSG00000181690
ENSG00000198846,0.013223031,ENSG00000198846
ENSG00000171316,0.026224477,ENSG00000171316
ENSG00000198363,0.04252483,ENSG00000198363
ENSG00000180828,0.0044533107,ENSG00000180828
ENSG00000205268,0.04255282,ENSG00000205268
ENSG00000147570,0.0070100576,ENSG00000147570
ENSG00000179041,0.0026028363,ENSG00000179041
ENSG00000185697,-0.03759079,ENSG00000185697
ENSG00000164764,0.0038470456,ENSG00000164764
ENSG00000171033,-0.0010805781,ENSG00000171033
ENSG00000164695,-0.0049496186,ENSG00000164695
ENSG00000177459,0.00073235045,ENSG00000177459
ENSG00000104490,-0.04237305,ENSG00000104490
ENSG00000164929,0.0020228105,ENSG00000164929
ENSG00000164932,0.02094396,ENSG00000164932
ENSG00000169946,0.0072581754,ENSG00000169946
ENSG00000104447,-0.017108329,ENSG00000104447
ENSG00000147679,0.01841169,ENSG00000147679
ENSG00000177570,0.037767533,ENSG00000177570
ENSG00000156804,-0.010634365,ENSG00000156804
ENSG00000170873,-0.012511416,ENSG00000170873
ENSG00000168672,-0.018473638,ENSG00000168672
ENSG00000136997,-0.04879765,ENSG00000136997
ENSG00000105339,-0.024140453,ENSG00000105339
ENSG00000184489,-0.0038820617,ENSG00000184489
ENSG00000126233,-0.013253141,ENSG00000126233
ENSG00000250571,0.02263622,ENSG00000250571
ENSG00000184428,-0.010058633,ENSG00000184428
ENSG00000158106,-0.013460393,ENSG00000158106
ENSG00000261150,0.029421475,ENSG00000261150
ENSG00000179832,-0.0144337425,ENSG00000179832
ENSG00000167701,-0.012070977,ENSG00000167701
ENSG00000198169,0.006871558,ENSG00000198169
ENSG00000170619,0.015266149,ENSG00000170619
ENSG00000182307,0.0011873276,ENSG00000182307
ENSG00000173253,0.023036718,ENSG00000173253
ENSG00000107249,-0.0074476665,ENSG00000107249
ENSG00000120210,-0.0105425175,ENSG00000120210
ENSG00000107186,-0.009078424,ENSG00000107186
ENSG00000171843,0.020907938,ENSG00000171843
ENSG00000147885,0.016233588,ENSG00000147885
ENSG00000137074,0.0025926558,ENSG00000137074
ENSG00000165272,-0.0285818,ENSG00000165272
ENSG00000164978,-0.0019548312,ENSG00000164978
ENSG00000122735,-0.004165785,ENSG00000122735
ENSG00000122756,0.00020256004,ENSG00000122756
ENSG00000164967,-0.012167126,ENSG00000164967
ENSG00000174038,0.0045811166,ENSG00000174038
ENSG00000122694,0.012966195,ENSG00000122694
ENSG00000168795,-0.017916812,ENSG00000168795
ENSG00000070601,0.0012146315,ENSG00000070601
ENSG00000276581,0.00094394083,ENSG00000276581
ENSG00000135048,-0.037749175,ENSG00000135048
ENSG00000119125,0.0038623968,ENSG00000119125
ENSG00000135046,-0.017805185,ENSG00000135046
ENSG00000106733,-0.01966105,ENSG00000106733
ENSG00000099139,-0.05231913,ENSG00000099139
ENSG00000156049,0.0029543964,ENSG00000156049
ENSG00000148019,0.036581792,ENSG00000148019
ENSG00000196781,-0.020199763,ENSG00000196781
ENSG00000165118,-0.0041102874,ENSG00000165118
ENSG00000135052,-0.006353919,ENSG00000135052
ENSG00000106723,0.012533081,ENSG00000106723
ENSG00000165030,0.025800114,ENSG00000165030
ENSG00000188312,0.01235318,ENSG00000188312
ENSG00000157303,-0.007470399,ENSG00000157303
ENSG00000131669,0.007952707,ENSG00000131669
ENSG00000131668,0.007267048,ENSG00000131668
ENSG00000158169,0.0027391007,ENSG00000158169
ENSG00000136943,-0.008571738,ENSG00000136943
ENSG00000178919,-0.004107552,ENSG00000178919
ENSG00000136932,-0.005395711,ENSG00000136932
ENSG00000106789,0.0023990888,ENSG00000106789
ENSG00000070159,-0.017733006,ENSG00000070159
ENSG00000106868,-0.004690781,ENSG00000106868
ENSG00000148153,-0.01285773,ENSG00000148153
ENSG00000165188,0.0011243066,ENSG00000165188
ENSG00000138835,-0.0025822148,ENSG00000138835
ENSG00000095397,-0.042977735,ENSG00000095397
ENSG00000157693,0.015617461,ENSG00000157693
ENSG00000181634,0.005925727,ENSG00000181634
ENSG00000106952,0.02838241,ENSG00000106952
ENSG00000119403,-0.013916232,ENSG00000119403
ENSG00000148175,0.018323533,ENSG00000148175
ENSG00000106689,-0.006370089,ENSG00000106689
ENSG00000119408,-0.020961724,ENSG00000119408
ENSG00000185585,-0.006984362,ENSG00000185585
ENSG00000136950,0.0475638,ENSG00000136950
ENSG00000167094,0.016796235,ENSG00000167094
ENSG00000106992,-0.03840435,ENSG00000106992
ENSG00000167106,-0.058477584,ENSG00000167106
ENSG00000148339,0.009028983,ENSG00000148339
ENSG00000175854,0.020677805,ENSG00000175854
ENSG00000188483,-0.0066223317,ENSG00000188483
ENSG00000148335,-0.011778966,ENSG00000148335
ENSG00000136878,-0.019476749,ENSG00000136878
ENSG00000188710,0.0037738406,ENSG00000188710
ENSG00000196358,0.008866239,ENSG00000196358
ENSG00000054148,0.024690673,ENSG00000054148
ENSG00000107317,0.021310141,ENSG00000107317
ENSG00000169583,0.001992606,ENSG00000169583
ENSG00000107331,-0.0037345083,ENSG00000107331
ENSG00000180549,0.020199962,ENSG00000180549
ENSG00000107281,-0.0534581,ENSG00000107281
ENSG00000176884,-0.0004261034,ENSG00000176884
ENSG00000184709,0.006737451,ENSG00000184709
ENSG00000187609,0.0017256552,ENSG00000187609
ENSG00000130653,-0.044338796,ENSG00000130653
ENSG00000148408,-0.0035695685,ENSG00000148408
ENSG00000148377,0.00991328,ENSG00000148377
ENSG00000067082,0.07270077,ENSG00000067082
ENSG00000151632,-0.0076491404,ENSG00000151632
ENSG00000123243,-0.012846197,ENSG00000123243
ENSG00000123240,0.018981973,ENSG00000123240
ENSG00000152464,-0.035119403,ENSG00000152464
ENSG00000026025,0.016429475,ENSG00000026025
ENSG00000148488,-0.020907326,ENSG00000148488
ENSG00000260314,-0.0033068175,ENSG00000260314
ENSG00000241058,0.009248279,ENSG00000241058
ENSG00000078114,0.0016787112,ENSG00000078114
ENSG00000204682,-0.011212452,ENSG00000204682
ENSG00000107968,-0.024915818,ENSG00000107968
ENSG00000148516,0.049655512,ENSG00000148516
ENSG00000150093,0.012782609,ENSG00000150093
ENSG00000095794,-0.017224098,ENSG00000095794
ENSG00000175395,0.01241713,ENSG00000175395
ENSG00000198915,-0.014486211,ENSG00000198915
ENSG00000169740,0.009286029,ENSG00000169740
ENSG00000107562,0.032252137,ENSG00000107562
ENSG00000107551,0.018529246,ENSG00000107551
ENSG00000012779,-0.021423759,ENSG00000012779
ENSG00000263639,0.0040672924,ENSG00000263639
ENSG00000266524,-0.002679515,ENSG00000266524
ENSG00000265763,-0.007893121,ENSG00000265763
ENSG00000265190,0.007419584,ENSG00000265190
ENSG00000204161,0.036797702,ENSG00000204161
ENSG00000165606,0.0055155675,ENSG00000165606
ENSG00000185532,0.0006632113,ENSG00000185532
ENSG00000151150,0.004970953,ENSG00000151150
ENSG00000072422,0.0060859644,ENSG00000072422
ENSG00000150347,0.03361637,ENSG00000150347
ENSG00000182010,-0.028387971,ENSG00000182010
ENSG00000138311,-0.027873565,ENSG00000138311
ENSG00000122862,-0.019107806,ENSG00000122862
ENSG00000197467,-0.01981093,ENSG00000197467
ENSG00000156521,0.024842804,ENSG00000156521
ENSG00000180644,-0.010671602,ENSG00000180644
ENSG00000122863,0.010131829,ENSG00000122863
ENSG00000166295,0.004007544,ENSG00000166295
ENSG00000168209,0.048519608,ENSG00000168209
ENSG00000196968,-0.036560528,ENSG00000196968
ENSG00000122861,0.0034538184,ENSG00000122861
ENSG00000108175,-0.028118284,ENSG00000108175
ENSG00000173239,0.014856212,ENSG00000173239
ENSG00000138135,0.009092549,ENSG00000138135
ENSG00000198060,0.0075962576,ENSG00000198060
ENSG00000138190,0.008187574,ENSG00000138190
ENSG00000186188,0.0023093948,ENSG00000186188
ENSG00000138193,0.00021905458,ENSG00000138193
ENSG00000119969,-0.013129289,ENSG00000119969
ENSG00000107447,-0.0070199114,ENSG00000107447
ENSG00000155629,-0.0074996897,ENSG00000155629
ENSG00000052749,-0.010784692,ENSG00000052749
ENSG00000241935,0.008807704,ENSG00000241935
ENSG00000120057,0.005657627,ENSG00000120057
ENSG00000155265,-0.0020454421,ENSG00000155265
ENSG00000095713,-0.0051025213,ENSG00000095713
ENSG00000119906,-0.01455788,ENSG00000119906
ENSG00000107815,-0.020414256,ENSG00000107815
ENSG00000107833,-0.011095,ENSG00000107833
ENSG00000077150,-0.02979843,ENSG00000077150
ENSG00000138172,-0.03551792,ENSG00000138172
ENSG00000107957,-0.0028297426,ENSG00000107957
ENSG00000107960,0.020049093,ENSG00000107960
ENSG00000119950,0.0022506586,ENSG00000119950
ENSG00000203867,0.018186219,ENSG00000203867
ENSG00000095627,0.022520453,ENSG00000095627
ENSG00000169129,-0.0449126,ENSG00000169129
ENSG00000099204,0.00190609,ENSG00000099204
ENSG00000107518,-0.00040149072,ENSG00000107518
ENSG00000188316,-0.0016708053,ENSG00000188316
ENSG00000165646,0.055605516,ENSG00000165646
ENSG00000119973,-0.0020908506,ENSG00000119973
ENSG00000119979,-0.024474585,ENSG00000119979
ENSG00000148908,0.032837197,ENSG00000148908
ENSG00000151929,-0.00087736425,ENSG00000151929
ENSG00000198825,0.008031358,ENSG00000198825
ENSG00000154478,-0.008674748,ENSG00000154478
ENSG00000229544,0.0006240136,ENSG00000229544
ENSG00000175029,-0.08393211,ENSG00000175029
ENSG00000148848,-0.008070826,ENSG00000148848
ENSG00000154493,0.0008247769,ENSG00000154493
ENSG00000132334,-0.005122281,ENSG00000132334
ENSG00000148773,0.003251441,ENSG00000148773
ENSG00000151651,-0.009385231,ENSG00000151651
ENSG00000165828,-0.011733414,ENSG00000165828
ENSG00000148803,-0.0096140755,ENSG00000148803
ENSG00000214279,0.014531287,ENSG00000214279
ENSG00000177947,0.009038702,ENSG00000177947
ENSG00000174885,-0.022330957,ENSG00000174885
ENSG00000142102,0.023424707,ENSG00000142102
ENSG00000185101,0.0004293535,ENSG00000185101
ENSG00000099849,0.001750562,ENSG00000099849
ENSG00000185507,-0.021421134,ENSG00000185507
ENSG00000177030,-0.0051441817,ENSG00000177030
ENSG00000198788,0.010260263,ENSG00000198788
ENSG00000174672,-0.00067157653,ENSG00000174672
ENSG00000254647,0.010684882,ENSG00000254647
ENSG00000183734,-0.06343069,ENSG00000183734
ENSG00000064201,-0.030267667,ENSG00000064201
ENSG00000184281,0.010467541,ENSG00000184281
ENSG00000053918,-0.0019105967,ENSG00000053918
ENSG00000021762,-0.016415797,ENSG00000021762
ENSG00000148985,-0.017005635,ENSG00000148985
ENSG00000196778,-0.0026248677,ENSG00000196778
ENSG00000223609,0.004723173,ENSG00000223609
ENSG00000132256,-0.027093308,ENSG00000132256
ENSG00000183269,-0.00034641998,ENSG00000183269
ENSG00000188691,-0.0072409287,ENSG00000188691
ENSG00000255307,0.00031840813,ENSG00000255307
ENSG00000175485,0.009014674,ENSG00000175485
ENSG00000166341,-0.016012102,ENSG00000166341
ENSG00000188124,-0.0042213737,ENSG00000188124
ENSG00000184933,0.008605016,ENSG00000184933
ENSG00000166387,0.042689983,ENSG00000166387
ENSG00000166405,-0.0067912554,ENSG00000166405
ENSG00000166444,-0.0160795,ENSG00000166444
ENSG00000166452,-0.00082542363,ENSG00000166452
ENSG00000175356,0.0065783123,ENSG00000175356
ENSG00000184014,0.009713946,ENSG00000184014
ENSG00000110315,-0.019575423,ENSG00000110315
ENSG00000050165,-0.04245057,ENSG00000050165
ENSG00000133816,0.0161407,ENSG00000133816
ENSG00000133818,0.004950302,ENSG00000133818
ENSG00000152270,-0.07437344,ENSG00000152270
ENSG00000186104,0.01003384,ENSG00000186104
ENSG00000070081,0.0009693113,ENSG00000070081
ENSG00000188211,0.007122775,ENSG00000188211
ENSG00000148965,-0.0021188445,ENSG00000148965
ENSG00000151116,-0.013764297,ENSG00000151116
ENSG00000110427,0.010087666,ENSG00000110427
ENSG00000179431,0.0019687016,ENSG00000179431
ENSG00000135362,-0.008060767,ENSG00000135362
ENSG00000085117,0.027097126,ENSG00000085117
ENSG00000175264,0.00896419,ENSG00000175264
ENSG00000134571,0.0067183753,ENSG00000134571
ENSG00000066336,0.012501501,ENSG00000066336
ENSG00000176567,0.016958386,ENSG00000176567
ENSG00000185926,0.0033534325,ENSG00000185926
ENSG00000134809,0.006245982,ENSG00000134809
ENSG00000233436,-0.0140011115,ENSG00000233436
ENSG00000166840,-8.207375e-06,ENSG00000166840
ENSG00000176495,-0.0019883693,ENSG00000176495
ENSG00000166900,-0.027017828,ENSG00000166900
ENSG00000134827,-0.006676345,ENSG00000134827
ENSG00000149516,0.0030620699,ENSG00000149516
ENSG00000149534,-0.0001256399,ENSG00000149534
ENSG00000124920,-0.06681676,ENSG00000124920
ENSG00000134824,-0.117879726,ENSG00000134824
ENSG00000167994,-0.00018337449,ENSG00000167994
ENSG00000124942,-0.033567682,ENSG00000124942
ENSG00000162222,-0.054311454,ENSG00000162222
ENSG00000197658,-0.0056034205,ENSG00000197658
ENSG00000188070,0.013057317,ENSG00000188070
ENSG00000171219,-0.000481336,ENSG00000171219
ENSG00000149735,-0.008207484,ENSG00000149735
ENSG00000213465,-0.012321623,ENSG00000213465
ENSG00000168056,-0.04401646,ENSG00000168056
ENSG00000172543,0.059002988,ENSG00000172543
ENSG00000175229,-0.004604733,ENSG00000175229
ENSG00000174807,-0.057301298,ENSG00000174807
ENSG00000175505,0.015016943,ENSG00000175505
ENSG00000172508,-0.02032994,ENSG00000172508
ENSG00000110057,-0.0053591337,ENSG00000110057
ENSG00000168040,-0.044473566,ENSG00000168040
ENSG00000184276,0.00791095,ENSG00000184276
ENSG00000254469,-0.012411955,ENSG00000254469
ENSG00000110200,0.017844543,ENSG00000110200
ENSG00000165462,0.01900903,ENSG00000165462
ENSG00000214530,-0.011301635,ENSG00000214530
ENSG00000021300,-0.0014946986,ENSG00000021300
ENSG00000181924,-0.0025584733,ENSG00000181924
ENSG00000187726,0.014770843,ENSG00000187726
ENSG00000158555,0.0121809505,ENSG00000158555
ENSG00000137492,0.014247807,ENSG00000137492
ENSG00000198488,0.0026983656,ENSG00000198488
ENSG00000182103,-0.014147003,ENSG00000182103
ENSG00000137501,-0.014362199,ENSG00000137501
ENSG00000150687,0.0063617127,ENSG00000150687
ENSG00000109861,-0.01686735,ENSG00000109861
ENSG00000165325,0.004778764,ENSG00000165325
ENSG00000149212,0.010652714,ENSG00000149212
ENSG00000184384,0.041415863,ENSG00000184384
ENSG00000183340,-0.010913127,ENSG00000183340
ENSG00000137691,0.005388735,ENSG00000137691
ENSG00000152558,0.102975816,ENSG00000152558
ENSG00000170962,0.054689296,ENSG00000170962
ENSG00000075239,0.04565458,ENSG00000075239
ENSG00000204381,0.00080078695,ENSG00000204381
ENSG00000137720,0.01070336,ENSG00000137720
ENSG00000149294,0.03698279,ENSG00000149294
ENSG00000109906,-0.10070235,ENSG00000109906
ENSG00000076043,-0.039016336,ENSG00000076043
ENSG00000204361,-0.0017580639,ENSG00000204361
ENSG00000182985,-0.0006930798,ENSG00000182985
ENSG00000177103,-0.01578655,ENSG00000177103
ENSG00000137731,-0.045206692,ENSG00000137731
ENSG00000160593,-0.085447945,ENSG00000160593
ENSG00000160683,0.036231793,ENSG00000160683
ENSG00000235718,0.0049414076,ENSG00000235718
ENSG00000154096,0.010071611,ENSG00000154096
ENSG00000154127,0.0054978193,ENSG00000154127
ENSG00000109943,-0.028083446,ENSG00000109943
ENSG00000109944,-0.023328228,ENSG00000109944
ENSG00000110013,0.006416997,ENSG00000110013
ENSG00000120458,-0.007892927,ENSG00000120458
ENSG00000154133,-0.0061633214,ENSG00000154133
ENSG00000110060,-0.0056443196,ENSG00000110060
ENSG00000151503,-0.0005940975,ENSG00000151503
ENSG00000109956,0.03259684,ENSG00000109956
ENSG00000171840,0.0028180408,ENSG00000171840
ENSG00000010278,0.017241595,ENSG00000010278
ENSG00000139193,-0.13032182,ENSG00000139193
ENSG00000159335,0.12871036,ENSG00000159335
ENSG00000089692,0.04519749,ENSG00000089692
ENSG00000010610,0.038849436,ENSG00000010610
ENSG00000111671,0.05017538,ENSG00000111671
ENSG00000139182,0.040445134,ENSG00000139182
ENSG00000111752,0.031989273,ENSG00000111752
ENSG00000139187,0.013242728,ENSG00000139187
ENSG00000111796,0.17313051,S100A9
ENSG00000184293,-0.066469036,ENSG00000184293
ENSG00000110848,0.005291052,ENSG00000110848
ENSG00000150045,0.012604056,ENSG00000150045
ENSG00000188393,-0.0055949925,ENSG00000188393
ENSG00000197992,0.002553526,ENSG00000197992
ENSG00000134539,0.22128358,KLRD1 (CD94)
ENSG00000183542,-0.027747601,ENSG00000183542
ENSG00000205810,-0.02875783,ENSG00000205810
ENSG00000134545,-0.1629581,FAM133B
ENSG00000060138,0.057925038,ENSG00000060138
ENSG00000197870,-0.003511182,ENSG00000197870
ENSG00000111266,0.011470407,ENSG00000111266
ENSG00000134531,-0.0011496645,ENSG00000134531
ENSG00000070019,0.00033784975,ENSG00000070019
ENSG00000052126,0.0015779277,ENSG00000052126
ENSG00000084453,0.00019726309,ENSG00000084453
ENSG00000111716,-0.031850126,ENSG00000111716
ENSG00000111728,0.0035195076,ENSG00000111728
ENSG00000134532,-0.0057705953,ENSG00000134532
ENSG00000151743,0.014649069,ENSG00000151743
ENSG00000173208,0.033883084,ENSG00000173208
ENSG00000184613,0.07390459,ENSG00000184613
ENSG00000139211,0.02726707,ENSG00000139211
ENSG00000179715,-0.026727054,ENSG00000179715
ENSG00000211584,0.0053641186,ENSG00000211584
ENSG00000152556,-0.0054069515,ENSG00000152556
ENSG00000187166,0.017222084,ENSG00000187166
ENSG00000134285,0.025430437,ENSG00000134285
ENSG00000169884,-0.017749894,ENSG00000169884
ENSG00000135406,-0.014534201,ENSG00000135406
ENSG00000186897,0.014645622,ENSG00000186897
ENSG00000185432,0.024147881,ENSG00000185432
ENSG00000284730,0.00377258,ENSG00000284730
ENSG00000123358,-0.018514676,ENSG00000123358
ENSG00000135480,0.008556723,ENSG00000135480
ENSG00000139648,-0.004251108,ENSG00000139648
ENSG00000170486,0.051662307,ENSG00000170486
ENSG00000186049,0.009430584,ENSG00000186049
ENSG00000167768,-0.013138926,ENSG00000167768
ENSG00000139637,0.009467841,ENSG00000139637
ENSG00000037965,-0.00531767,ENSG00000037965
ENSG00000170627,-0.0035073855,ENSG00000170627
ENSG00000135426,-0.123232454,ENSG00000135426
ENSG00000184954,-0.0038949405,ENSG00000184954
ENSG00000135441,0.056817412,ENSG00000135441
ENSG00000135414,-0.007288938,ENSG00000135414
ENSG00000123342,0.002221744,ENSG00000123342
ENSG00000170473,-0.023533283,ENSG00000170473
ENSG00000065357,-0.04449344,ENSG00000065357
ENSG00000166886,-0.031085538,ENSG00000166886
ENSG00000175189,-0.0046131974,ENSG00000175189
ENSG00000135446,-0.02039826,ENSG00000135446
ENSG00000174099,-0.0035611372,ENSG00000174099
ENSG00000111537,0.027258663,ENSG00000111537
ENSG00000127318,0.009450596,ENSG00000127318
ENSG00000090382,0.009244157,ENSG00000090382
ENSG00000127325,-0.00017400565,ENSG00000127325
ENSG00000127328,-0.0300138,ENSG00000127328
ENSG00000173451,0.013167748,ENSG00000173451
ENSG00000139278,-0.0039692363,ENSG00000139278
ENSG00000165891,0.0050899372,ENSG00000165891
ENSG00000067798,-0.005178952,ENSG00000067798
ENSG00000133636,-0.0015853486,ENSG00000133636
ENSG00000049130,0.005334523,ENSG00000049130
ENSG00000070961,0.057407513,ENSG00000070961
ENSG00000011465,0.0073521603,ENSG00000011465
ENSG00000120833,-0.015118001,ENSG00000120833
ENSG00000136040,-0.02688779,ENSG00000136040
ENSG00000057704,0.03772103,ENSG00000057704
ENSG00000074527,0.024992608,ENSG00000074527
ENSG00000139352,0.00027063495,ENSG00000139352
ENSG00000179088,-0.017775768,ENSG00000179088
ENSG00000235162,0.046630573,ENSG00000235162
ENSG00000074590,-0.013620475,ENSG00000074590
ENSG00000136026,0.023320561,ENSG00000136026
ENSG00000151135,0.017916415,ENSG00000151135
ENSG00000120832,0.011965155,ENSG00000120832
ENSG00000151136,0.011652488,ENSG00000151136
ENSG00000174600,-0.10642579,ENSG00000174600
ENSG00000166111,-0.007421024,ENSG00000166111
ENSG00000174527,-0.018945063,ENSG00000174527
ENSG00000110921,0.0008823495,ENSG00000110921
ENSG00000089127,0.0061995783,ENSG00000089127
ENSG00000111331,-0.014547468,ENSG00000111331
ENSG00000089060,-0.005904374,ENSG00000089060
ENSG00000174989,0.019727267,ENSG00000174989
ENSG00000088992,0.026064524,ENSG00000088992
ENSG00000171435,0.0036620768,ENSG00000171435
ENSG00000176871,-0.025199717,ENSG00000176871
ENSG00000111725,0.0035969024,ENSG00000111725
ENSG00000135127,0.01698578,ENSG00000135127
ENSG00000157782,-0.0007484794,ENSG00000157782
ENSG00000176383,0.015336942,ENSG00000176383
ENSG00000090975,0.011589302,ENSG00000090975
ENSG00000185344,0.02488206,ENSG00000185344
ENSG00000090612,-0.0105855325,ENSG00000090612
ENSG00000132972,-0.012988728,ENSG00000132972
ENSG00000180730,-0.021084843,ENSG00000180730
ENSG00000183463,0.0027621433,ENSG00000183463
ENSG00000139514,0.004766143,ENSG00000139514
ENSG00000132965,0.04239564,ENSG00000132965
ENSG00000102802,1.9393121e-05,ENSG00000102802
ENSG00000175664,0.0068863486,ENSG00000175664
ENSG00000073910,0.051654316,ENSG00000073910
ENSG00000189167,0.005145392,ENSG00000189167
ENSG00000133101,0.012110765,ENSG00000133101
ENSG00000133110,0.005664471,ENSG00000133110
ENSG00000150907,0.019757017,ENSG00000150907
ENSG00000120662,0.0043586325,ENSG00000120662
ENSG00000172766,0.067686856,ENSG00000172766
ENSG00000102760,-0.08790053,ENSG00000102760
ENSG00000120659,0.007870693,ENSG00000120659
ENSG00000133106,0.0053701065,ENSG00000133106
ENSG00000174015,0.00473246,ENSG00000174015
ENSG00000139684,0.035121933,ENSG00000139684
ENSG00000139679,-0.038807593,ENSG00000139679
ENSG00000150510,-0.0027017999,ENSG00000150510
ENSG00000102796,0.0133008575,ENSG00000102796
ENSG00000281106,-0.032651406,ENSG00000281106
ENSG00000136110,-0.007654401,ENSG00000136110
ENSG00000102837,0.0034356066,ENSG00000102837
ENSG00000118946,0.002407154,ENSG00000118946
ENSG00000285566,0.008491388,ENSG00000285566
ENSG00000204899,0.00395909,ENSG00000204899
ENSG00000136111,-0.014493697,ENSG00000136111
ENSG00000136153,-0.0093744835,ENSG00000136153
ENSG00000178695,0.011109457,ENSG00000178695
ENSG00000102805,0.018804727,ENSG00000102805
ENSG00000136158,-0.0052571273,ENSG00000136158
ENSG00000165300,-0.0427992,ENSG00000165300
ENSG00000125257,0.0034420753,ENSG00000125257
ENSG00000134873,0.01529164,ENSG00000134873
ENSG00000125249,-0.002090099,ENSG00000125249
ENSG00000169508,-0.031271346,ENSG00000169508
ENSG00000198542,-0.0021969045,ENSG00000198542
ENSG00000041515,-0.0048183384,ENSG00000041515
ENSG00000185950,0.027535094,ENSG00000185950
ENSG00000184497,0.011981435,ENSG00000184497
ENSG00000283361,-0.0055490057,ENSG00000283361
ENSG00000169488,0.012060224,ENSG00000169488
ENSG00000182545,-0.009840485,ENSG00000182545
ENSG00000181552,-0.0032765274,ENSG00000181552
ENSG00000129538,0.0102280835,ENSG00000129538
ENSG00000206150,0.0008734431,ENSG00000206150
ENSG00000169208,-0.016413921,ENSG00000169208
ENSG00000211829,-0.13418391,ENSG00000211829
ENSG00000222028,-0.001266958,ENSG00000222028
ENSG00000215277,-0.005417865,ENSG00000215277
ENSG00000235194,-0.006928869,ENSG00000235194
ENSG00000166090,0.010576506,ENSG00000166090
ENSG00000092054,-0.008857473,ENSG00000092054
ENSG00000092051,-0.001795584,ENSG00000092051
ENSG00000100884,0.011821961,ENSG00000100884
ENSG00000213920,-0.024696862,ENSG00000213920
ENSG00000100968,0.0046392544,ENSG00000100968
ENSG00000100448,-0.070126966,ENSG00000100448
ENSG00000100450,0.12877272,ENSG00000100450
ENSG00000100453,0.040453974,ENSG00000100453
ENSG00000184304,0.00063681556,ENSG00000184304
ENSG00000100478,0.025761772,ENSG00000100478
ENSG00000214943,-0.00088155636,ENSG00000214943
ENSG00000100906,0.04526049,ENSG00000100906
ENSG00000183032,-0.00871867,ENSG00000183032
ENSG00000165379,0.011865257,ENSG00000165379
ENSG00000168229,-0.037523944,ENSG00000168229
ENSG00000125384,-0.051212657,ENSG00000125384
ENSG00000125378,-0.012293203,ENSG00000125378
ENSG00000131981,0.0048102676,ENSG00000131981
ENSG00000165617,0.010926655,ENSG00000165617
ENSG00000139973,0.0015479482,ENSG00000139973
ENSG00000140006,-0.008293668,ENSG00000140006
ENSG00000179841,0.030633444,ENSG00000179841
ENSG00000126822,-0.045926787,ENSG00000126822
ENSG00000139988,0.008387726,ENSG00000139988
ENSG00000072110,0.015723081,ENSG00000072110
ENSG00000133985,0.00839661,ENSG00000133985
ENSG00000187097,0.0021446112,ENSG00000187097
ENSG00000119614,0.00969612,ENSG00000119614
ENSG00000170345,-0.10155573,ENSG00000170345
ENSG00000156127,0.01386029,ENSG00000156127
ENSG00000119685,-0.019610276,ENSG00000119685
ENSG00000119650,-0.0146876285,ENSG00000119650
ENSG00000071246,-0.009761217,ENSG00000071246
ENSG00000100593,0.009007689,ENSG00000100593
ENSG00000100433,0.007602327,ENSG00000100433
ENSG00000133943,0.031120867,ENSG00000133943
ENSG00000119714,-0.05723562,ENSG00000119714
ENSG00000186910,0.009094791,ENSG00000186910
ENSG00000250366,-0.004831447,ENSG00000250366
ENSG00000168398,-0.008023872,ENSG00000168398
ENSG00000205476,0.01544324,ENSG00000205476
ENSG00000176473,0.017194794,ENSG00000176473
ENSG00000140153,0.0207552,ENSG00000140153
ENSG00000066735,-0.017432582,ENSG00000066735
ENSG00000203485,-0.044374324,ENSG00000203485
ENSG00000183484,-0.04482508,ENSG00000183484
ENSG00000182809,0.004005841,ENSG00000182809
ENSG00000213145,0.040066853,ENSG00000213145
ENSG00000185347,-0.013275091,ENSG00000185347
ENSG00000211899,-0.032352705,ENSG00000211899
ENSG00000206190,-0.015026799,ENSG00000206190
ENSG00000034053,0.083737865,ENSG00000034053
ENSG00000198690,-0.032229945,ENSG00000198690
ENSG00000166923,0.0077841436,ENSG00000166923
ENSG00000248905,0.23097034,FMN1
ENSG00000182405,0.0031801937,ENSG00000182405
ENSG00000140199,0.0062436014,ENSG00000140199
ENSG00000159248,0.0004959437,ENSG00000159248
ENSG00000134146,0.0043610143,ENSG00000134146
ENSG00000166073,0.0043014903,ENSG00000166073
ENSG00000169105,-0.0057651643,ENSG00000169105
ENSG00000137880,-0.019862922,ENSG00000137880
ENSG00000128917,-0.0115552815,ENSG00000128917
ENSG00000128965,0.014015791,ENSG00000128965
ENSG00000062524,0.041189075,ENSG00000062524
ENSG00000168907,0.004273193,ENSG00000168907
ENSG00000092529,0.00622497,ENSG00000092529
ENSG00000168803,-0.0052465736,ENSG00000168803
ENSG00000229474,0.13675956,ENSG00000229474
ENSG00000104177,0.0023724441,ENSG00000104177
ENSG00000140287,-0.00875812,ENSG00000140287
ENSG00000140280,-0.0036780345,ENSG00000140280
ENSG00000138587,-0.003780697,ENSG00000138587
ENSG00000263155,0.00054090837,ENSG00000263155
ENSG00000182718,-0.008989392,ENSG00000182718
ENSG00000035664,0.035622142,ENSG00000035664
ENSG00000166831,0.0083005335,ENSG00000166831
ENSG00000138617,0.019300673,ENSG00000138617
ENSG00000137834,-0.011782781,ENSG00000137834
ENSG00000166949,-0.0074325893,ENSG00000166949
ENSG00000187720,-0.007170519,ENSG00000187720
ENSG00000175202,0.00040548714,ENSG00000175202
ENSG00000140481,0.010113149,ENSG00000140481
ENSG00000178802,-0.009114222,ENSG00000178802
ENSG00000138621,0.009825171,ENSG00000138621
ENSG00000140398,0.024650205,ENSG00000140398
ENSG00000169371,-0.0027866217,ENSG00000169371
ENSG00000140391,-0.023196392,ENSG00000140391
ENSG00000173517,4.1302395e-05,ENSG00000173517
ENSG00000140403,0.005051845,ENSG00000140403
ENSG00000166426,0.00431715,ENSG00000166426
ENSG00000103811,-0.03906202,ENSG00000103811
ENSG00000103888,-0.0013153862,ENSG00000103888
ENSG00000186628,0.007948609,ENSG00000186628
ENSG00000166503,0.023431849,ENSG00000166503
ENSG00000176371,-0.0030034604,ENSG00000176371
ENSG00000156222,0.0046496233,ENSG00000156222
ENSG00000181026,0.010331304,ENSG00000181026
ENSG00000140511,-0.028136605,ENSG00000140511
ENSG00000140545,-0.028793808,ENSG00000140545
ENSG00000184508,-0.021622084,ENSG00000184508
ENSG00000140563,-0.013942481,ENSG00000140563
ENSG00000140443,-0.006465661,ENSG00000140443
ENSG00000182253,0.004565791,ENSG00000182253
ENSG00000140471,-0.004315921,ENSG00000140471
ENSG00000140479,-0.03024406,ENSG00000140479
ENSG00000182854,0.003456718,ENSG00000182854
ENSG00000161981,0.012303035,ENSG00000161981
ENSG00000188536,0.09238322,ENSG00000188536
ENSG00000086506,-0.0071002175,ENSG00000086506
ENSG00000129925,0.021842988,ENSG00000129925
ENSG00000127585,-0.034481283,ENSG00000127585
ENSG00000103253,-0.015344732,ENSG00000103253
ENSG00000251692,-0.010921467,ENSG00000251692
ENSG00000131634,-0.03249106,ENSG00000131634
ENSG00000179580,0.0017185084,ENSG00000179580
ENSG00000162076,0.011448039,ENSG00000162076
ENSG00000184697,0.0055464734,ENSG00000184697
ENSG00000010539,-0.009090254,ENSG00000010539
ENSG00000162086,0.0025532271,ENSG00000162086
ENSG00000103351,0.01124483,ENSG00000103351
ENSG00000153048,-0.014071667,ENSG00000153048
ENSG00000166676,0.0058405558,ENSG00000166676
ENSG00000179583,0.074374,ENSG00000179583
ENSG00000185338,-0.021473264,ENSG00000185338
ENSG00000184602,0.0127612045,ENSG00000184602
ENSG00000103319,-0.010128953,ENSG00000103319
ENSG00000169189,-0.004224746,ENSG00000169189
ENSG00000188322,0.0074878917,ENSG00000188322
ENSG00000184730,0.018453745,ENSG00000184730
ENSG00000149927,0.0036277268,ENSG00000149927
ENSG00000169896,0.051361058,ENSG00000169896
ENSG00000140678,0.13192692,ENSG00000140678
ENSG00000156886,0.17909113,MT-ATP6
ENSG00000166971,-0.0047524916,ENSG00000166971
ENSG00000103494,-0.007268471,ENSG00000103494
ENSG00000177508,0.0088825105,ENSG00000177508
ENSG00000087245,0.009774728,ENSG00000087245
ENSG00000087258,0.016496966,ENSG00000087258
ENSG00000051108,0.014181513,ENSG00000051108
ENSG00000135736,0.00031193637,ENSG00000135736
ENSG00000159618,-0.00012938863,ENSG00000159618
ENSG00000205336,-0.1136682,ENSG00000205336
ENSG00000140859,-0.029183032,ENSG00000140859
ENSG00000103042,0.01350007,ENSG00000103042
ENSG00000172828,0.0106321955,ENSG00000172828
ENSG00000102871,-0.04658199,ENSG00000102871
ENSG00000196155,-0.0028261552,ENSG00000196155
ENSG00000159753,0.02561853,ENSG00000159753
ENSG00000102977,-0.009246254,ENSG00000102977
ENSG00000167261,-0.025899934,ENSG00000167261
ENSG00000103064,-0.05328216,ENSG00000103064
ENSG00000103051,-0.001800344,ENSG00000103051
ENSG00000157423,0.08429223,ENSG00000157423
ENSG00000260734,0.02134558,ENSG00000260734
ENSG00000261701,-0.005838918,ENSG00000261701
ENSG00000168925,0.008788187,ENSG00000168925
ENSG00000183196,-0.0064684846,ENSG00000183196
ENSG00000135702,0.0032679613,ENSG00000135702
ENSG00000140876,-0.018803502,ENSG00000140876
ENSG00000186153,-0.0004898977,ENSG00000186153
ENSG00000178573,0.021473192,ENSG00000178573
ENSG00000197943,0.05737736,ENSG00000197943
ENSG00000103187,0.08778915,ENSG00000103187
ENSG00000135709,0.020937981,ENSG00000135709
ENSG00000140968,-0.010112278,ENSG00000140968
ENSG00000154118,-0.0010881091,ENSG00000154118
ENSG00000141012,-0.00015744407,ENSG00000141012
ENSG00000003249,0.022867225,ENSG00000003249
ENSG00000126856,0.0147615215,ENSG00000126856
ENSG00000183688,-0.018565323,ENSG00000183688
ENSG00000179409,0.002205672,ENSG00000179409
ENSG00000159842,-0.018993927,ENSG00000159842
ENSG00000186532,0.010141669,ENSG00000186532
ENSG00000132359,-0.019022463,ENSG00000132359
ENSG00000141255,-0.0006283909,ENSG00000141255
ENSG00000213977,0.0072266804,ENSG00000213977
ENSG00000180787,-0.03323815,ENSG00000180787
ENSG00000129204,-0.021661175,ENSG00000129204
ENSG00000258315,0.023310425,ENSG00000258315
ENSG00000132535,0.00859509,ENSG00000132535
ENSG00000174292,0.0073107784,ENSG00000174292
ENSG00000169992,-0.021362377,ENSG00000169992
ENSG00000161955,-0.0037265166,ENSG00000161955
ENSG00000129214,0.0026989449,ENSG00000129214
ENSG00000141499,-0.008445038,ENSG00000141499
ENSG00000178921,-0.01328915,ENSG00000178921
ENSG00000108961,0.006196286,ENSG00000108961
ENSG00000183318,0.015590477,ENSG00000183318
ENSG00000007237,-0.017246572,ENSG00000007237
ENSG00000170222,0.014460997,ENSG00000170222
ENSG00000065559,0.014869303,ENSG00000065559
ENSG00000072310,-0.0091460645,ENSG00000072310
ENSG00000142494,-0.03296457,ENSG00000142494
ENSG00000178307,-0.006757867,ENSG00000178307
ENSG00000232859,0.009940812,ENSG00000232859
ENSG00000172171,-0.01792697,ENSG00000172171
ENSG00000126860,-0.017370522,ENSG00000126860
ENSG00000176749,-0.039077654,ENSG00000176749
ENSG00000006042,-0.00028095834,ENSG00000006042
ENSG00000108700,-0.0070033367,ENSG00000108700
ENSG00000108702,-0.0039500506,ENSG00000108702
ENSG00000073536,-0.026553035,ENSG00000073536
ENSG00000271447,-0.009976756,ENSG00000271447
ENSG00000271503,0.017941669,ENSG00000271503
ENSG00000276409,0.014358776,ENSG00000276409
ENSG00000274736,-0.015800083,ENSG00000274736
ENSG00000275302,-0.059799496,ENSG00000275302
ENSG00000276070,-0.019197538,ENSG00000276070
ENSG00000277972,0.010732273,ENSG00000277972
ENSG00000161381,-0.03708894,ENSG00000161381
ENSG00000141750,-0.0068534543,ENSG00000141750
ENSG00000161395,0.010472395,ENSG00000161395
ENSG00000141736,0.002329493,ENSG00000141736
ENSG00000126368,0.03405443,ENSG00000126368
ENSG00000131759,0.018489655,ENSG00000131759
ENSG00000126353,0.040719688,ENSG00000126353
ENSG00000212724,0.0005851974,ENSG00000212724
ENSG00000213416,0.0046063326,ENSG00000213416
ENSG00000141698,-0.005799944,ENSG00000141698
ENSG00000167941,0.010638714,ENSG00000167941
ENSG00000231256,0.008234156,ENSG00000231256
ENSG00000131096,-0.0021828031,ENSG00000131096
ENSG00000004939,0.042194564,ENSG00000004939
ENSG00000256762,0.008770331,ENSG00000256762
ENSG00000108379,0.0024082083,ENSG00000108379
ENSG00000198336,0.0060056453,ENSG00000198336
ENSG00000198933,-0.07189148,ENSG00000198933
ENSG00000073861,-0.04456755,ENSG00000073861
ENSG00000189120,0.012339596,ENSG00000189120
ENSG00000173917,-0.015527565,ENSG00000173917
ENSG00000120093,0.012104747,ENSG00000120093
ENSG00000120068,0.0006435755,ENSG00000120068
ENSG00000170703,-0.007009811,ENSG00000170703
ENSG00000167083,-0.027904471,ENSG00000167083
ENSG00000108798,0.007021605,ENSG00000108798
ENSG00000006282,0.018820012,ENSG00000006282
ENSG00000006283,0.014848151,ENSG00000006283
ENSG00000141232,0.036656015,ENSG00000141232
ENSG00000183691,-0.07306349,ENSG00000183691
ENSG00000121057,0.013516655,ENSG00000121057
ENSG00000255713,0.003267699,ENSG00000255713
ENSG00000121053,-0.006510194,ENSG00000121053
ENSG00000005379,0.028858826,ENSG00000005379
ENSG00000175155,0.031951334,ENSG00000175155
ENSG00000108423,-0.018923135,ENSG00000108423
ENSG00000007312,-0.019223353,ENSG00000007312
ENSG00000178607,-0.039967082,ENSG00000178607
ENSG00000136478,0.0012755278,ENSG00000136478
ENSG00000261371,-0.031892758,ENSG00000261371
ENSG00000154229,0.03165686,ENSG00000154229
ENSG00000141540,-0.042200357,ENSG00000141540
ENSG00000196169,0.041422125,ENSG00000196169
ENSG00000167851,-0.14179203,ENSG00000167851
ENSG00000172794,0.037359864,ENSG00000172794
ENSG00000073350,-0.018645717,ENSG00000073350
ENSG00000266714,-0.0910369,ENSG00000266714
ENSG00000132470,-0.004004532,ENSG00000132470
ENSG00000188878,0.00045325304,ENSG00000188878
ENSG00000167880,0.015903395,ENSG00000167880
ENSG00000182687,0.003965357,ENSG00000182687
ENSG00000141576,-0.025599781,ENSG00000141576
ENSG00000182534,0.026653638,ENSG00000182534
ENSG00000181038,-0.026632203,ENSG00000181038
ENSG00000187997,-0.011866421,ENSG00000187997
ENSG00000184557,-0.0490722,ENSG00000184557
ENSG00000035862,0.006390174,ENSG00000035862
ENSG00000108679,0.0061244615,ENSG00000108679
ENSG00000141527,-0.0059691397,ENSG00000141527
ENSG00000181523,0.04115542,ENSG00000181523
ENSG00000181045,0.0075652995,ENSG00000181045
ENSG00000173818,-0.02233177,ENSG00000173818
ENSG00000171246,-0.004571316,ENSG00000171246
ENSG00000225180,0.003691414,ENSG00000225180
ENSG00000224877,0.0073134876,ENSG00000224877
ENSG00000266074,-0.003493113,ENSG00000266074
ENSG00000183979,-0.00041327716,ENSG00000183979
ENSG00000173762,0.025840553,ENSG00000173762
ENSG00000176845,-0.012415768,ENSG00000176845
ENSG00000177426,-0.009166783,ENSG00000177426
ENSG00000198081,0.007612553,ENSG00000198081
ENSG00000206432,-0.008414656,ENSG00000206432
ENSG00000173482,0.04203185,ENSG00000173482
ENSG00000168454,-0.0015068245,ENSG00000168454
ENSG00000168675,-0.0060437294,ENSG00000168675
ENSG00000168234,-0.052384086,ENSG00000168234
ENSG00000170558,-0.01711116,ENSG00000170558
ENSG00000134765,0.02093559,ENSG00000134765
ENSG00000186814,0.0056167445,ENSG00000186814
ENSG00000153391,-0.02176463,ENSG00000153391
ENSG00000134779,0.0036510942,ENSG00000134779
ENSG00000150477,0.029092213,ENSG00000150477
ENSG00000152217,0.04369834,ENSG00000152217
ENSG00000141469,0.042321853,ENSG00000141469
ENSG00000167210,0.00040503722,ENSG00000167210
ENSG00000184828,0.010417226,ENSG00000184828
ENSG00000101665,0.032538038,ENSG00000101665
ENSG00000101670,0.008311692,ENSG00000101670
ENSG00000167306,-0.0029171205,ENSG00000167306
ENSG00000141642,-0.008515062,ENSG00000141642
ENSG00000176624,0.010764487,ENSG00000176624
ENSG00000101751,0.015891412,ENSG00000101751
ENSG00000074657,0.04873793,ENSG00000074657
ENSG00000134438,0.010914169,ENSG00000134438
ENSG00000183287,0.0075082825,ENSG00000183287
ENSG00000141682,0.028259257,ENSG00000141682
ENSG00000171791,-0.0059131435,ENSG00000171791
ENSG00000119537,0.01914522,ENSG00000119537
ENSG00000171451,0.011923293,ENSG00000171451
ENSG00000150636,0.015436217,ENSG00000150636
ENSG00000150637,0.068633065,ENSG00000150637
ENSG00000101493,-0.01355279,ENSG00000101493
ENSG00000166573,-0.004847414,ENSG00000166573
ENSG00000226742,-0.019546254,ENSG00000226742
ENSG00000185198,0.03927327,ENSG00000185198
ENSG00000196415,0.0024571868,ENSG00000196415
ENSG00000116014,0.009538339,ENSG00000116014
ENSG00000065268,-0.01235403,ENSG00000065268
ENSG00000119559,0.0009278087,ENSG00000119559
ENSG00000005206,-0.014143141,ENSG00000005206
ENSG00000176490,0.007838431,ENSG00000176490
ENSG00000284638,-0.006753702,ENSG00000284638
ENSG00000006638,-0.011662378,ENSG00000006638
ENSG00000007264,0.051449556,ENSG00000007264
ENSG00000167676,0.0011051166,ENSG00000167676
ENSG00000276043,0.01373906,ENSG00000276043
ENSG00000105426,-0.00075871166,ENSG00000105426
ENSG00000156413,-0.008221676,ENSG00000156413
ENSG00000105519,0.008341328,ENSG00000105519
ENSG00000125656,-0.0024934905,ENSG00000125656
ENSG00000125652,-0.032107845,ENSG00000125652
ENSG00000125648,0.0030534256,ENSG00000125648
ENSG00000125735,-0.047818787,ENSG00000125735
ENSG00000125731,-0.0026322305,ENSG00000125731
ENSG00000198816,-0.0027807315,ENSG00000198816
ENSG00000104938,0.01700082,ENSG00000104938
ENSG00000104976,0.008556276,ENSG00000104976
ENSG00000167772,0.0036678612,ENSG00000167772
ENSG00000133250,0.013900648,ENSG00000133250
ENSG00000142347,-0.04950188,ENSG00000142347
ENSG00000142303,-0.017659068,ENSG00000142303
ENSG00000170948,0.004580718,ENSG00000170948
ENSG00000174652,0.0072988635,ENSG00000174652
ENSG00000198028,0.010387145,ENSG00000198028
ENSG00000080573,-0.10662814,ENSG00000080573
ENSG00000080511,-0.0038506584,ENSG00000080511
ENSG00000065989,-0.014071838,ENSG00000065989
ENSG00000180739,-0.004899598,ENSG00000180739
ENSG00000130164,0.04427873,ENSG00000130164
ENSG00000183401,-0.00029161782,ENSG00000183401
ENSG00000105520,-0.01327548,ENSG00000105520
ENSG00000205517,-0.00092836213,ENSG00000205517
ENSG00000130159,-0.011379394,ENSG00000130159
ENSG00000197044,-0.022713054,ENSG00000197044
ENSG00000242852,0.0027051987,ENSG00000242852
ENSG00000132026,-0.0049087913,ENSG00000132026
ENSG00000187867,0.007312365,ENSG00000187867
ENSG00000123159,0.017079536,ENSG00000123159
ENSG00000187912,-0.00029848077,ENSG00000187912
ENSG00000172519,-0.0024807767,ENSG00000172519
ENSG00000141977,0.003953839,ENSG00000141977
ENSG00000053501,-0.003639575,ENSG00000053501
ENSG00000105647,-0.0126398755,ENSG00000105647
ENSG00000130518,0.008460563,ENSG00000130518
ENSG00000105696,-0.0049699307,ENSG00000105696
ENSG00000181896,0.03583304,ENSG00000181896
ENSG00000196268,0.009755722,ENSG00000196268
ENSG00000196109,0.0048563816,ENSG00000196109
ENSG00000187135,-0.019432152,ENSG00000187135
ENSG00000166289,-0.069304585,ENSG00000166289
ENSG00000121297,-0.0024433092,ENSG00000121297
ENSG00000131941,-0.0101040015,ENSG00000131941
ENSG00000089351,-0.013859326,ENSG00000089351
ENSG00000105699,-0.03957413,ENSG00000105699
ENSG00000188508,0.004162776,ENSG00000188508
ENSG00000189001,-0.0098308055,ENSG00000189001
ENSG00000011600,0.078395836,ENSG00000011600
ENSG00000196357,-0.005165021,ENSG00000196357
ENSG00000167635,-0.027409859,ENSG00000167635
ENSG00000186017,0.020411858,ENSG00000186017
ENSG00000189042,0.013364444,ENSG00000189042
ENSG00000251247,0.012735719,ENSG00000251247
ENSG00000198453,-0.03360968,ENSG00000198453
ENSG00000011332,-0.015428714,ENSG00000011332
ENSG00000167642,0.0058278996,ENSG00000167642
ENSG00000275395,0.075128935,ENSG00000275395
ENSG00000160460,0.0001944819,ENSG00000160460
ENSG00000090006,-0.020332837,ENSG00000090006
ENSG00000086544,-0.011836653,ENSG00000086544
ENSG00000105352,0.014393927,ENSG00000105352
ENSG00000086548,-0.00399109,ENSG00000086548
ENSG00000105369,-0.044200473,ENSG00000105369
ENSG00000268041,0.0031129525,ENSG00000268041
ENSG00000028277,-0.009008538,ENSG00000028277
ENSG00000104783,-0.044128675,ENSG00000104783
ENSG00000167637,-0.012780881,ENSG00000167637
ENSG00000256294,-0.014923535,ENSG00000256294
ENSG00000278318,-0.00036990474,ENSG00000278318
ENSG00000069399,-0.011958797,ENSG00000069399
ENSG00000142273,-0.027944399,ENSG00000142273
ENSG00000104856,-0.022721708,ENSG00000104856
ENSG00000189114,-0.0039972877,ENSG00000189114
ENSG00000125740,-0.13556774,ENSG00000125740
ENSG00000170608,-0.006553466,ENSG00000170608
ENSG00000008438,0.0140804425,ENSG00000008438
ENSG00000204866,-0.020388154,ENSG00000204866
ENSG00000181027,-0.0056525106,ENSG00000181027
ENSG00000105327,0.06394344,ENSG00000105327
ENSG00000105321,-0.00081800023,ENSG00000105321
ENSG00000105419,0.0182317,ENSG00000105419
ENSG00000185453,0.012740874,ENSG00000185453
ENSG00000105443,-0.023865141,ENSG00000105443
ENSG00000182264,-0.004590374,ENSG00000182264
ENSG00000087074,-0.0045959726,ENSG00000087074
ENSG00000087088,0.017279752,ENSG00000087088
ENSG00000104901,0.021979855,ENSG00000104901
ENSG00000090554,0.02696263,ENSG00000090554
ENSG00000104870,0.015095545,ENSG00000104870
ENSG00000142546,-0.048517868,ENSG00000142546
ENSG00000161640,0.0044960757,ENSG00000161640
ENSG00000269404,0.0038133804,ENSG00000269404
ENSG00000161681,0.0009812973,ENSG00000161681
ENSG00000105472,-0.018564818,ENSG00000105472
ENSG00000167759,-0.00013087198,ENSG00000167759
ENSG00000129450,-0.048335776,ENSG00000129450
ENSG00000160318,-0.001435663,ENSG00000160318
ENSG00000105374,-0.016968966,ENSG00000105374
ENSG00000254521,-0.0014143361,ENSG00000254521
ENSG00000105497,-0.02422893,ENSG00000105497
ENSG00000189190,-0.0151959695,ENSG00000189190
ENSG00000197928,0.015934387,ENSG00000197928
ENSG00000179820,-0.06308274,ENSG00000179820
ENSG00000126583,-0.009577618,ENSG00000126583
ENSG00000167617,-0.0020922704,ENSG00000167617
ENSG00000167618,0.040137094,ENSG00000167618
ENSG00000104972,0.06441574,ENSG00000104972
ENSG00000189430,0.08514344,ENSG00000189430
ENSG00000167646,0.00412754,ENSG00000167646
ENSG00000213015,0.023057919,ENSG00000213015
ENSG00000171425,0.023438698,ENSG00000171425
ENSG00000229292,0.0034502903,ENSG00000229292
ENSG00000167685,-0.0052455575,ENSG00000167685
ENSG00000198440,0.00019282525,ENSG00000198440
ENSG00000083844,0.0031387808,ENSG00000083844
ENSG00000251369,-0.0223874,ENSG00000251369
ENSG00000180532,-0.011490731,ENSG00000180532
ENSG00000178935,-0.0046022,ENSG00000178935
ENSG00000152454,-0.0073964847,ENSG00000152454
ENSG00000166704,-8.4836895e-05,ENSG00000166704
ENSG00000121413,-0.038230617,ENSG00000121413
ENSG00000171606,0.018168075,ENSG00000171606
ENSG00000182318,-0.032208785,ENSG00000182318
ENSG00000083812,0.00029361912,ENSG00000083812
ENSG00000101276,0.0046501416,ENSG00000101276
ENSG00000101298,0.029811284,ENSG00000101298
ENSG00000101307,0.0024828112,ENSG00000101307
ENSG00000089012,-0.03831003,ENSG00000089012
ENSG00000088882,1.000068e-05,ENSG00000088882
ENSG00000101200,0.016597543,ENSG00000101200
ENSG00000125861,-0.012172161,ENSG00000125861
ENSG00000101222,-0.00024739487,ENSG00000101222
ENSG00000125843,0.0058180047,ENSG00000125843
ENSG00000088826,-0.0013455315,ENSG00000088826
ENSG00000171864,-0.0055664247,ENSG00000171864
ENSG00000089199,-0.0059924466,ENSG00000089199
ENSG00000125872,-0.0014743307,ENSG00000125872
ENSG00000182621,-0.025796719,ENSG00000182621
ENSG00000089177,0.017395332,ENSG00000089177
ENSG00000125864,0.019961191,ENSG00000125864
ENSG00000125823,0.0055524064,ENSG00000125823
ENSG00000125831,-0.0034065305,ENSG00000125831
ENSG00000077984,-0.035371915,ENSG00000077984
ENSG00000100987,0.0060797487,ENSG00000100987
ENSG00000101004,0.0027063026,ENSG00000101004
ENSG00000101306,0.00159667,ENSG00000101306
ENSG00000260903,0.00086135644,ENSG00000260903
ENSG00000126001,-0.0017498685,ENSG00000126001
ENSG00000118707,-0.00902387,ENSG00000118707
ENSG00000101342,0.02309852,ENSG00000101342
ENSG00000118702,0.008279194,ENSG00000118702
ENSG00000124143,0.00017582954,ENSG00000124143
ENSG00000101445,0.012742553,ENSG00000101445
ENSG00000183798,0.009939463,ENSG00000183798
ENSG00000124196,-0.0021224243,ENSG00000124196
ENSG00000124191,-0.0011891285,ENSG00000124191
ENSG00000101074,-0.006516356,ENSG00000101074
ENSG00000101104,0.054697618,ENSG00000101104
ENSG00000101443,0.0015057019,ENSG00000101443
ENSG00000064601,0.005962449,ENSG00000064601
ENSG00000158470,0.048590116,ENSG00000158470
ENSG00000124243,0.053347934,ENSG00000124243
ENSG00000026559,0.0023199185,ENSG00000026559
ENSG00000054793,0.048025582,ENSG00000054793
ENSG00000020256,-0.0072218482,ENSG00000020256
ENSG00000182463,-0.010033395,ENSG00000182463
ENSG00000124256,0.010842118,ENSG00000124256
ENSG00000130702,0.003677611,ENSG00000130702
ENSG00000130701,0.008586073,ENSG00000130701
ENSG00000125508,0.008163464,ENSG00000125508
ENSG00000101216,-0.01411791,ENSG00000101216
ENSG00000197457,-0.010687622,ENSG00000197457
ENSG00000196700,0.019884007,ENSG00000196700
ENSG00000171703,0.009984732,ENSG00000171703
ENSG00000196132,0.019133054,ENSG00000196132
ENSG00000185272,0.0120462,ENSG00000185272
ENSG00000155307,0.0064629503,ENSG00000155307
ENSG00000180530,0.000793003,ENSG00000180530
ENSG00000142192,-0.010260071,ENSG00000142192
ENSG00000156239,-0.01569389,ENSG00000156239
ENSG00000274749,-0.010444788,ENSG00000274749
ENSG00000156299,0.0028527055,ENSG00000156299
ENSG00000170262,0.01255736,ENSG00000170262
ENSG00000166979,0.027238939,ENSG00000166979
ENSG00000159128,-0.022147875,ENSG00000159128
ENSG00000157554,-0.0059690257,ENSG00000157554
ENSG00000183036,0.0033056543,ENSG00000183036
ENSG00000183844,-0.0015733581,ENSG00000183844
ENSG00000157601,-0.022094898,ENSG00000157601
ENSG00000184012,-0.0042556603,ENSG00000184012
ENSG00000183421,0.0010902861,ENSG00000183421
ENSG00000160179,-0.057871755,ENSG00000160179
ENSG00000241123,-0.0014567195,ENSG00000241123
ENSG00000184900,0.023480121,ENSG00000184900
ENSG00000183570,0.0014078463,ENSG00000183570
ENSG00000142156,0.02759284,ENSG00000142156
ENSG00000142173,0.018947162,ENSG00000142173
ENSG00000160307,-0.011435007,ENSG00000160307
ENSG00000198445,-0.008516475,ENSG00000198445
ENSG00000172967,0.00021908907,ENSG00000172967
ENSG00000099968,0.006498229,ENSG00000099968
ENSG00000169635,-0.02320886,ENSG00000169635
ENSG00000159496,0.011753012,ENSG00000159496
ENSG00000187792,0.004746504,ENSG00000187792
ENSG00000133460,0.024588525,ENSG00000133460
ENSG00000099998,-0.0018669468,ENSG00000099998
ENSG00000197077,0.08890672,ENSG00000197077
ENSG00000133454,0.049161144,ENSG00000133454
ENSG00000183765,-0.00061537646,ENSG00000183765
ENSG00000100219,0.023449592,ENSG00000100219
ENSG00000100319,-0.0058049755,ENSG00000100319
ENSG00000176635,0.0061893486,ENSG00000176635
ENSG00000099985,-0.023529526,ENSG00000099985
ENSG00000100100,0.032648746,ENSG00000100100
ENSG00000184459,0.0024569265,ENSG00000184459
ENSG00000100302,-0.015055214,ENSG00000100302
ENSG00000100336,-0.00021052841,ENSG00000100336
ENSG00000100083,0.014616899,ENSG00000100083
ENSG00000100097,-0.010488625,ENSG00000100097
ENSG00000189060,-0.033772945,ENSG00000189060
ENSG00000128346,-0.00055655546,ENSG00000128346
ENSG00000100156,0.0016911501,ENSG00000100156
ENSG00000244509,-0.0021781388,ENSG00000244509
ENSG00000239713,-0.03284521,ENSG00000239713
ENSG00000100311,-0.006230105,ENSG00000100311
ENSG00000100321,0.005193289,ENSG00000100321
ENSG00000100346,-0.028078612,ENSG00000100346
ENSG00000159958,0.04648714,ENSG00000159958
ENSG00000100162,-0.090430334,ENSG00000100162
ENSG00000130540,0.037490282,ENSG00000130540
ENSG00000100341,0.009986049,ENSG00000100341
ENSG00000138944,-0.0016289843,ENSG00000138944
ENSG00000100376,-0.07847922,ENSG00000100376
ENSG00000130943,-0.0002606122,ENSG00000130943
ENSG00000184164,-0.020644154,ENSG00000184164
ENSG00000188263,-0.0057570087,ENSG00000188263
ENSG00000196576,-0.009130209,ENSG00000196576
ENSG00000146938,0.0046392283,ENSG00000146938
ENSG00000169933,-0.0038264098,ENSG00000169933
ENSG00000187268,0.0016002295,ENSG00000187268
ENSG00000182798,0.0030386292,ENSG00000182798
ENSG00000047634,-0.007028632,ENSG00000047634
ENSG00000008086,0.009463009,ENSG00000008086
ENSG00000185915,-0.014712175,ENSG00000185915
ENSG00000130066,-0.018177414,ENSG00000130066
ENSG00000101868,-0.011532909,ENSG00000101868
ENSG00000004848,0.0057634236,ENSG00000004848
ENSG00000188937,0.016466772,ENSG00000188937
ENSG00000147044,0.0045644213,ENSG00000147044
ENSG00000102055,-0.013643619,ENSG00000102055
ENSG00000189221,-0.006826609,ENSG00000189221
ENSG00000069509,0.0074522262,ENSG00000069509
ENSG00000102226,0.013422436,ENSG00000102226
ENSG00000102265,0.007548986,ENSG00000102265
ENSG00000126759,0.017815428,ENSG00000126759
ENSG00000221994,-0.013303329,ENSG00000221994
ENSG00000102109,-0.012455021,ENSG00000102109
ENSG00000102096,-0.051988173,ENSG00000102096
ENSG00000243279,-0.019371403,ENSG00000243279
ENSG00000049768,9.567145e-05,ENSG00000049768
ENSG00000049769,-0.014650759,ENSG00000049769
ENSG00000274588,-0.14091697,ENSG00000274588
ENSG00000189369,0.0032448245,ENSG00000189369
ENSG00000184205,0.03266548,ENSG00000184205
ENSG00000102316,-0.012158877,ENSG00000102316
ENSG00000187601,-0.034304775,ENSG00000187601
ENSG00000204271,-0.00091746444,ENSG00000204271
ENSG00000165591,0.025915256,ENSG00000165591
ENSG00000186767,-0.021611076,ENSG00000186767
ENSG00000169083,0.0019390469,ENSG00000169083
ENSG00000158813,-0.0053402316,ENSG00000158813
ENSG00000120498,-0.0068809753,ENSG00000120498
ENSG00000169562,0.018015483,ENSG00000169562
ENSG00000186810,-0.019831479,ENSG00000186810
ENSG00000204131,-0.00946579,ENSG00000204131
ENSG00000186871,0.01849979,ENSG00000186871
ENSG00000078589,-0.03566555,ENSG00000078589
ENSG00000078596,-0.16295058,ITM2A
ENSG00000124429,0.0005686988,ENSG00000124429
ENSG00000126733,-0.010681498,ENSG00000126733
ENSG00000007952,-0.003730843,ENSG00000007952
ENSG00000174225,-0.00017192765,ENSG00000174225
ENSG00000126953,-0.008289954,ENSG00000126953
ENSG00000166432,0.0061390693,ENSG00000166432
ENSG00000198932,0.013539072,ENSG00000198932
ENSG00000102409,-0.017248666,ENSG00000102409
ENSG00000166681,0.014503584,ENSG00000166681
ENSG00000204025,-0.0065308716,ENSG00000204025
ENSG00000174460,-0.0010958234,ENSG00000174460
ENSG00000183918,-0.008007722,ENSG00000183918
ENSG00000123728,0.013430043,ENSG00000123728
ENSG00000181433,-0.008374534,ENSG00000181433
ENSG00000198689,-0.0011604318,ENSG00000198689
ENSG00000102243,0.0038319558,ENSG00000102243
ENSG00000102245,-0.014605282,ENSG00000102245
ENSG00000182195,-0.041018397,ENSG00000182195
ENSG00000155495,-0.007949263,ENSG00000155495
ENSG00000155966,0.00586453,ENSG00000155966
ENSG00000269556,-0.014277206,ENSG00000269556
ENSG00000183837,-0.06563764,ENSG00000183837
ENSG00000214897,-0.0063711046,ENSG00000214897
ENSG00000130829,-0.0024057615,ENSG00000130829
ENSG00000184343,0.013140197,ENSG00000184343
ENSG00000067840,-0.046014912,ENSG00000067840
ENSG00000007350,0.024035739,ENSG00000007350
ENSG00000013563,-0.012479884,ENSG00000013563
ENSG00000196976,0.008312982,ENSG00000196976
ENSG00000160211,-0.007466814,ENSG00000160211
ENSG00000126890,0.0057729995,ENSG00000126890
ENSG00000160219,0.043448847,ENSG00000160219
ENSG00000182712,-0.0110251745,ENSG00000182712
ENSG00000114374,0.09183415,ENSG00000114374
ENSG00000067048,0.22559702,DDX3Y
ENSG00000183878,0.21766086,UTY
ENSG00000012817,0.15377115,ENSG00000012817
ENSG00000198888,-0.07790041,ENSG00000198888
ENSG00000198763,0.25439838,MT-ND2
ENSG00000198938,-0.06985735,ENSG00000198938
ENSG00000212907,-0.112278655,ENSG00000212907
